dt,x,y,position,velocity,acceleration,jerk,heading
0.020000,5.648691,17.046945,0.000625,0.062500,3.125000,156.250000,0.001228
0.020000,5.648691,17.046945,0.003125,0.187500,6.250000,156.250000,0.000959
0.020000,5.648691,17.046945,0.008125,0.312500,6.250000,0.000000,0.000422
0.020000,5.652262,17.046944,0.015625,0.437500,6.250000,0.000000,6.282802
0.020000,5.661637,17.046936,0.025000,0.500000,3.125000,-156.250000,6.281797
0.020000,5.671637,17.046916,0.035000,0.500000,0.000000,-156.250000,6.280725
0.020000,5.681637,17.046887,0.045000,0.500000,0.000000,0.000000,6.279655
0.020000,5.691637,17.046846,0.055000,0.500000,0.000000,0.000000,6.278585
0.020000,5.701637,17.046795,0.065000,0.500000,0.000000,0.000000,6.277517
0.020000,5.711637,17.046732,0.075000,0.500000,0.000000,0.000000,6.276449
0.020000,5.721636,17.046660,0.085000,0.500000,0.000000,0.000000,6.275383
0.020000,5.731636,17.046576,0.095000,0.500000,0.000000,0.000000,6.274318
0.020000,5.741636,17.046482,0.105000,0.500000,0.000000,0.000000,6.273253
0.020000,5.751635,17.046378,0.115000,0.500000,0.000000,0.000000,6.272190
0.020000,5.761634,17.046263,0.125000,0.500000,0.000000,0.000000,6.271128
0.020000,5.771634,17.046137,0.135000,0.500000,0.000000,0.000000,6.270067
0.020000,5.781632,17.046000,0.145000,0.500000,0.000000,0.000000,6.269007
0.020000,5.791631,17.045853,0.155000,0.500000,0.000000,0.000000,6.267948
0.020000,5.801630,17.045695,0.165000,0.500000,0.000000,0.000000,6.266890
0.020000,5.811629,17.045527,0.175000,0.500000,0.000000,0.000000,6.265834
0.020000,5.821627,17.045348,0.185000,0.500000,0.000000,0.000000,6.264778
0.020000,5.831625,17.045159,0.195000,0.500000,0.000000,0.000000,6.263723
0.020000,5.841623,17.044959,0.205000,0.500000,0.000000,0.000000,6.262670
0.020000,5.851621,17.044749,0.215000,0.500000,0.000000,0.000000,6.261618
0.020000,5.861619,17.044528,0.225000,0.500000,0.000000,0.000000,6.260567
0.020000,5.871616,17.044297,0.235000,0.500000,0.000000,0.000000,6.259517
0.020000,5.881613,17.044055,0.245000,0.500000,0.000000,0.000000,6.258468
0.020000,5.891610,17.043802,0.255000,0.500000,0.000000,0.000000,6.257420
0.020000,5.901606,17.043539,0.265000,0.500000,0.000000,0.000000,6.256374
0.020000,5.911603,17.043266,0.275000,0.500000,0.000000,0.000000,6.255329
0.020000,5.921599,17.042982,0.285000,0.500000,0.000000,0.000000,6.254285
0.020000,5.931595,17.042688,0.295000,0.500000,0.000000,0.000000,6.253242
0.020000,5.941590,17.042384,0.305000,0.500000,0.000000,0.000000,6.252200
0.020000,5.951585,17.042069,0.315000,0.500000,0.000000,0.000000,6.251159
0.020000,5.961579,17.041743,0.325000,0.500000,0.000000,0.000000,6.250120
0.020000,5.971574,17.041407,0.335000,0.500000,0.000000,0.000000,6.249082
0.020000,5.981568,17.041061,0.345000,0.500000,0.000000,0.000000,6.248045
0.020000,5.991562,17.040705,0.355000,0.500000,0.000000,0.000000,6.247009
0.020000,6.001555,17.040338,0.365000,0.500000,0.000000,0.000000,6.245975
0.020000,6.011548,17.039961,0.375000,0.500000,0.000000,0.000000,6.244942
0.020000,6.021540,17.039573,0.385000,0.500000,0.000000,0.000000,6.243910
0.020000,6.031532,17.039175,0.395000,0.500000,0.000000,0.000000,6.242879
0.020000,6.041524,17.038767,0.405000,0.500000,0.000000,0.000000,6.241849
0.020000,6.051515,17.038349,0.415000,0.500000,0.000000,0.000000,6.240821
0.020000,6.061506,17.037920,0.425000,0.500000,0.000000,0.000000,6.239794
0.020000,6.071496,17.037481,0.435000,0.500000,0.000000,0.000000,6.238768
0.020000,6.081486,17.037032,0.445000,0.500000,0.000000,0.000000,6.237744
0.020000,6.091476,17.036573,0.455000,0.500000,0.000000,0.000000,6.236721
0.020000,6.101465,17.036103,0.465000,0.500000,0.000000,0.000000,6.235699
0.020000,6.111453,17.035623,0.475000,0.500000,0.000000,0.000000,6.234678
0.020000,6.121441,17.035133,0.485000,0.500000,0.000000,0.000000,6.233659
0.020000,6.131429,17.034633,0.495000,0.500000,0.000000,0.000000,6.232641
0.020000,6.141415,17.034123,0.505000,0.500000,0.000000,0.000000,6.231625
0.020000,6.151402,17.033603,0.515000,0.500000,0.000000,0.000000,6.230609
0.020000,6.161388,17.033072,0.525000,0.500000,0.000000,0.000000,6.229595
0.020000,6.171373,17.032531,0.535000,0.500000,0.000000,0.000000,6.228583
0.020000,6.181358,17.031980,0.545000,0.500000,0.000000,0.000000,6.227571
0.020000,6.191342,17.031420,0.555000,0.500000,0.000000,0.000000,6.226561
0.020000,6.201326,17.030849,0.565000,0.500000,0.000000,0.000000,6.225553
0.020000,6.211309,17.030268,0.575000,0.500000,0.000000,0.000000,6.224545
0.020000,6.221292,17.029677,0.585000,0.500000,0.000000,0.000000,6.223540
0.020000,6.231274,17.029075,0.595000,0.500000,0.000000,0.000000,6.222535
0.020000,6.241255,17.028464,0.605000,0.500000,0.000000,0.000000,6.221532
0.020000,6.251236,17.027843,0.615000,0.500000,0.000000,0.000000,6.220530
0.020000,6.261216,17.027212,0.625000,0.500000,0.000000,0.000000,6.219530
0.020000,6.271195,17.026571,0.635000,0.500000,0.000000,0.000000,6.218531
0.020000,6.281174,17.025920,0.645000,0.500000,0.000000,0.000000,6.217533
0.020000,6.291152,17.025259,0.655000,0.500000,0.000000,0.000000,6.216537
0.020000,6.301129,17.024588,0.665000,0.500000,0.000000,0.000000,6.215542
0.020000,6.311106,17.023907,0.675000,0.500000,0.000000,0.000000,6.214548
0.020000,6.321082,17.023216,0.685000,0.500000,0.000000,0.000000,6.213556
0.020000,6.331058,17.022515,0.695000,0.500000,0.000000,0.000000,6.212566
0.020000,6.341032,17.021805,0.705000,0.500000,0.000000,0.000000,6.211577
0.020000,6.351006,17.021085,0.715000,0.500000,0.000000,0.000000,6.210589
0.020000,6.360980,17.020354,0.725000,0.500000,0.000000,0.000000,6.209603
0.020000,6.370952,17.019614,0.735000,0.500000,0.000000,0.000000,6.208618
0.020000,6.380924,17.018864,0.745000,0.500000,0.000000,0.000000,6.207635
0.020000,6.390895,17.018105,0.755000,0.500000,0.000000,0.000000,6.206653
0.020000,6.400865,17.017335,0.765000,0.500000,0.000000,0.000000,6.205672
0.020000,6.410835,17.016556,0.775000,0.500000,0.000000,0.000000,6.204693
0.020000,6.420804,17.015767,0.785000,0.500000,0.000000,0.000000,6.203716
0.020000,6.430772,17.014968,0.795000,0.500000,0.000000,0.000000,6.202740
0.020000,6.440739,17.014160,0.805000,0.500000,0.000000,0.000000,6.201765
0.020000,6.450706,17.013342,0.815000,0.500000,0.000000,0.000000,6.200792
0.020000,6.460671,17.012514,0.825000,0.500000,0.000000,0.000000,6.199820
0.020000,6.470636,17.011676,0.835000,0.500000,0.000000,0.000000,6.198850
0.020000,6.480600,17.010829,0.845000,0.500000,0.000000,0.000000,6.197882
0.020000,6.490564,17.009972,0.855000,0.500000,0.000000,0.000000,6.196915
0.020000,6.500526,17.009106,0.865000,0.500000,0.000000,0.000000,6.195949
0.020000,6.510488,17.008230,0.875000,0.500000,0.000000,0.000000,6.194985
0.020000,6.520448,17.007344,0.885000,0.500000,0.000000,0.000000,6.194022
0.020000,6.530408,17.006449,0.895000,0.500000,0.000000,0.000000,6.193061
0.020000,6.540367,17.005544,0.905000,0.500000,0.000000,0.000000,6.192102
0.020000,6.550325,17.004630,0.915000,0.500000,0.000000,0.000000,6.191144
0.020000,6.560282,17.003706,0.925000,0.500000,0.000000,0.000000,6.190187
0.020000,6.570239,17.002772,0.935000,0.500000,0.000000,0.000000,6.189233
0.020000,6.580194,17.001830,0.945000,0.500000,0.000000,0.000000,6.188279
0.020000,6.590149,17.000877,0.955000,0.500000,0.000000,0.000000,6.187327
0.020000,6.600102,16.999915,0.965000,0.500000,0.000000,0.000000,6.186377
0.020000,6.610055,16.998944,0.975000,0.500000,0.000000,0.000000,6.185429
0.020000,6.620007,16.997963,0.985000,0.500000,0.000000,0.000000,6.184482
0.020000,6.629958,16.996973,0.995000,0.500000,0.000000,0.000000,6.183536
0.020000,6.639908,16.995974,1.005000,0.500000,0.000000,0.000000,6.182592
0.020000,6.649857,16.994965,1.015000,0.500000,0.000000,0.000000,6.181650
0.020000,6.659805,16.993946,1.025000,0.500000,0.000000,0.000000,6.180709
0.020000,6.669752,16.992919,1.035000,0.500000,0.000000,0.000000,6.179770
0.020000,6.679698,16.991882,1.045000,0.500000,0.000000,0.000000,6.178832
0.020000,6.689643,16.990836,1.055000,0.500000,0.000000,0.000000,6.177896
0.020000,6.699587,16.989780,1.065000,0.500000,0.000000,0.000000,6.176962
0.020000,6.709530,16.988715,1.075000,0.500000,0.000000,0.000000,6.176029
0.020000,6.719472,16.987641,1.085000,0.500000,0.000000,0.000000,6.175098
0.020000,6.729413,16.986558,1.095000,0.500000,0.000000,0.000000,6.174169
0.020000,6.739354,16.985465,1.105000,0.500000,0.000000,0.000000,6.173241
0.020000,6.749293,16.984363,1.115000,0.500000,0.000000,0.000000,6.172314
0.020000,6.759231,16.983252,1.125000,0.500000,0.000000,0.000000,6.171390
0.020000,6.769168,16.982132,1.135000,0.500000,0.000000,0.000000,6.170467
0.020000,6.779104,16.981002,1.145000,0.500000,0.000000,0.000000,6.169545
0.020000,6.789039,16.979864,1.155000,0.500000,0.000000,0.000000,6.168626
0.020000,6.798973,16.978716,1.165000,0.500000,0.000000,0.000000,6.167707
0.020000,6.808906,16.977559,1.175000,0.500000,0.000000,0.000000,6.166791
0.020000,6.818837,16.976394,1.185000,0.500000,0.000000,0.000000,6.165876
0.020000,6.828768,16.975219,1.195000,0.500000,0.000000,0.000000,6.164963
0.020000,6.838698,16.974035,1.205000,0.500000,0.000000,0.000000,6.164052
0.020000,6.848626,16.972842,1.215000,0.500000,0.000000,0.000000,6.163142
0.020000,6.858554,16.971640,1.225000,0.500000,0.000000,0.000000,6.162234
0.020000,6.868480,16.970429,1.235000,0.500000,0.000000,0.000000,6.161327
0.020000,6.878406,16.969208,1.245000,0.500000,0.000000,0.000000,6.160423
0.020000,6.888330,16.967979,1.255000,0.500000,0.000000,0.000000,6.159520
0.020000,6.898253,16.966741,1.265000,0.500000,0.000000,0.000000,6.158618
0.020000,6.908175,16.965495,1.275000,0.500000,0.000000,0.000000,6.157718
0.020000,6.918096,16.964239,1.285000,0.500000,0.000000,0.000000,6.156820
0.020000,6.928015,16.962974,1.295000,0.500000,0.000000,0.000000,6.155924
0.020000,6.937934,16.961700,1.305000,0.500000,0.000000,0.000000,6.155029
0.020000,6.947851,16.960418,1.315000,0.500000,0.000000,0.000000,6.154137
0.020000,6.957768,16.959127,1.325000,0.500000,0.000000,0.000000,6.153245
0.020000,6.967683,16.957826,1.335000,0.500000,0.000000,0.000000,6.152356
0.020000,6.977597,16.956517,1.345000,0.500000,0.000000,0.000000,6.151468
0.020000,6.987509,16.955200,1.355000,0.500000,0.000000,0.000000,6.150582
0.020000,6.997421,16.953873,1.365000,0.500000,0.000000,0.000000,6.149698
0.020000,7.007331,16.952538,1.375000,0.500000,0.000000,0.000000,6.148815
0.020000,7.017241,16.951194,1.385000,0.500000,0.000000,0.000000,6.147934
0.020000,7.027149,16.949841,1.395000,0.500000,0.000000,0.000000,6.147055
0.020000,7.037056,16.948480,1.405000,0.500000,0.000000,0.000000,6.146178
0.020000,7.046961,16.947109,1.415000,0.500000,0.000000,0.000000,6.145302
0.020000,7.056866,16.945731,1.425000,0.500000,0.000000,0.000000,6.144428
0.020000,7.066769,16.944343,1.435000,0.500000,0.000000,0.000000,6.143556
0.020000,7.076671,16.942947,1.445000,0.500000,0.000000,0.000000,6.142686
0.020000,7.086572,16.941542,1.455000,0.500000,0.000000,0.000000,6.141817
0.020000,7.096472,16.940129,1.465000,0.500000,0.000000,0.000000,6.140950
0.020000,7.106370,16.938707,1.475000,0.500000,0.000000,0.000000,6.140085
0.020000,7.116267,16.937277,1.485000,0.500000,0.000000,0.000000,6.139222
0.020000,7.126163,16.935838,1.495000,0.500000,0.000000,0.000000,6.138360
0.020000,7.136058,16.934391,1.505000,0.500000,0.000000,0.000000,6.137500
0.020000,7.145951,16.932935,1.515000,0.500000,0.000000,0.000000,6.136642
0.020000,7.155843,16.931470,1.525000,0.500000,0.000000,0.000000,6.135786
0.020000,7.165734,16.929997,1.535000,0.500000,0.000000,0.000000,6.134931
0.020000,7.175624,16.928516,1.545000,0.500000,0.000000,0.000000,6.134079
0.020000,7.185513,16.927026,1.555000,0.500000,0.000000,0.000000,6.133228
0.020000,7.195400,16.925528,1.565000,0.500000,0.000000,0.000000,6.132379
0.020000,7.205286,16.924022,1.575000,0.500000,0.000000,0.000000,6.131531
0.020000,7.215170,16.922507,1.585000,0.500000,0.000000,0.000000,6.130686
0.020000,7.225053,16.920983,1.595000,0.500000,0.000000,0.000000,6.129842
0.020000,7.234935,16.919452,1.605000,0.500000,0.000000,0.000000,6.129000
0.020000,7.244816,16.917912,1.615000,0.500000,0.000000,0.000000,6.128160
0.020000,7.254696,16.916364,1.625000,0.500000,0.000000,0.000000,6.127322
0.020000,7.264574,16.914807,1.635000,0.500000,0.000000,0.000000,6.126485
0.020000,7.274451,16.913242,1.645000,0.500000,0.000000,0.000000,6.125650
0.020000,7.284326,16.911670,1.655000,0.500000,0.000000,0.000000,6.124817
0.020000,7.294200,16.910088,1.665000,0.500000,0.000000,0.000000,6.123986
0.020000,7.304073,16.908499,1.675000,0.500000,0.000000,0.000000,6.123157
0.020000,7.313945,16.906901,1.685000,0.500000,0.000000,0.000000,6.122330
0.020000,7.323815,16.905296,1.695000,0.500000,0.000000,0.000000,6.121504
0.020000,7.333684,16.903682,1.705000,0.500000,0.000000,0.000000,6.120680
0.020000,7.343551,16.902060,1.715000,0.500000,0.000000,0.000000,6.119858
0.020000,7.353418,16.900430,1.725000,0.500000,0.000000,0.000000,6.119038
0.020000,7.363282,16.898792,1.735000,0.500000,0.000000,0.000000,6.118220
0.020000,7.373146,16.897145,1.745000,0.500000,0.000000,0.000000,6.117403
0.020000,7.383008,16.895491,1.755000,0.500000,0.000000,0.000000,6.116589
0.020000,7.392869,16.893829,1.765000,0.500000,0.000000,0.000000,6.115776
0.020000,7.402729,16.892159,1.775000,0.500000,0.000000,0.000000,6.114965
0.020000,7.412587,16.890480,1.785000,0.500000,0.000000,0.000000,6.114156
0.020000,7.422444,16.888794,1.795000,0.500000,0.000000,0.000000,6.113349
0.020000,7.432299,16.887100,1.805000,0.500000,0.000000,0.000000,6.112543
0.020000,7.442153,16.885398,1.815000,0.500000,0.000000,0.000000,6.111740
0.020000,7.452006,16.883688,1.825000,0.500000,0.000000,0.000000,6.110938
0.020000,7.461857,16.881970,1.835000,0.500000,0.000000,0.000000,6.110138
0.020000,7.471707,16.880244,1.845000,0.500000,0.000000,0.000000,6.109341
0.020000,7.481556,16.878511,1.855000,0.500000,0.000000,0.000000,6.108544
0.020000,7.491403,16.876769,1.865000,0.500000,0.000000,0.000000,6.107750
0.020000,7.501249,16.875020,1.875000,0.500000,0.000000,0.000000,6.106958
0.020000,7.511093,16.873263,1.885000,0.500000,0.000000,0.000000,6.106168
0.020000,7.520936,16.871498,1.895000,0.500000,0.000000,0.000000,6.105379
0.020000,7.530778,16.869725,1.905000,0.500000,0.000000,0.000000,6.104592
0.020000,7.540618,16.867945,1.915000,0.500000,0.000000,0.000000,6.103807
0.020000,7.550457,16.866157,1.925000,0.500000,0.000000,0.000000,6.103024
0.020000,7.560294,16.864361,1.935000,0.500000,0.000000,0.000000,6.102243
0.020000,7.570130,16.862558,1.945000,0.500000,0.000000,0.000000,6.101464
0.020000,7.579965,16.860747,1.955000,0.500000,0.000000,0.000000,6.100687
0.020000,7.589798,16.858928,1.965000,0.500000,0.000000,0.000000,6.099912
0.020000,7.599630,16.857102,1.975000,0.500000,0.000000,0.000000,6.099138
0.020000,7.609461,16.855268,1.985000,0.500000,0.000000,0.000000,6.098366
0.020000,7.619290,16.853427,1.995000,0.500000,0.000000,0.000000,6.097597
0.020000,7.629117,16.851577,2.005000,0.500000,0.000000,0.000000,6.096829
0.020000,7.638943,16.849721,2.015000,0.500000,0.000000,0.000000,6.096063
0.020000,7.648768,16.847857,2.025000,0.500000,0.000000,0.000000,6.095299
0.020000,7.658591,16.845985,2.035000,0.500000,0.000000,0.000000,6.094537
0.020000,7.668413,16.844106,2.045000,0.500000,0.000000,0.000000,6.093777
0.020000,7.678234,16.842220,2.055000,0.500000,0.000000,0.000000,6.093018
0.020000,7.688053,16.840326,2.065000,0.500000,0.000000,0.000000,6.092262
0.020000,7.697870,16.838424,2.075000,0.500000,0.000000,0.000000,6.091507
0.020000,7.707686,16.836516,2.085000,0.500000,0.000000,0.000000,6.090755
0.020000,7.717501,16.834600,2.095000,0.500000,0.000000,0.000000,6.090004
0.020000,7.727314,16.832676,2.105000,0.500000,0.000000,0.000000,6.089255
0.020000,7.737126,16.830745,2.115000,0.500000,0.000000,0.000000,6.088509
0.020000,7.746936,16.828807,2.125000,0.500000,0.000000,0.000000,6.087764
0.020000,7.756745,16.826862,2.135000,0.500000,0.000000,0.000000,6.087021
0.020000,7.766553,16.824909,2.145000,0.500000,0.000000,0.000000,6.086280
0.020000,7.776359,16.822949,2.155000,0.500000,0.000000,0.000000,6.085541
0.020000,7.786164,16.820982,2.165000,0.500000,0.000000,0.000000,6.084803
0.020000,7.795967,16.819007,2.175000,0.500000,0.000000,0.000000,6.084068
0.020000,7.805768,16.817026,2.185000,0.500000,0.000000,0.000000,6.083335
0.020000,7.815569,16.815037,2.195000,0.500000,0.000000,0.000000,6.082603
0.020000,7.825367,16.813041,2.205000,0.500000,0.000000,0.000000,6.081874
0.020000,7.835165,16.811038,2.215000,0.500000,0.000000,0.000000,6.081146
0.020000,7.844961,16.809027,2.225000,0.500000,0.000000,0.000000,6.080420
0.020000,7.854755,16.807010,2.235000,0.500000,0.000000,0.000000,6.079697
0.020000,7.864548,16.804986,2.245000,0.500000,0.000000,0.000000,6.078975
0.020000,7.874339,16.802954,2.255000,0.500000,0.000000,0.000000,6.078255
0.020000,7.884129,16.800916,2.265000,0.500000,0.000000,0.000000,6.077537
0.020000,7.893918,16.798870,2.275000,0.500000,0.000000,0.000000,6.076821
0.020000,7.903705,16.796818,2.285000,0.500000,0.000000,0.000000,6.076107
0.020000,7.913491,16.794758,2.295000,0.500000,0.000000,0.000000,6.075395
0.020000,7.923275,16.792692,2.305000,0.500000,0.000000,0.000000,6.074685
0.020000,7.933058,16.790618,2.315000,0.500000,0.000000,0.000000,6.073977
0.020000,7.942839,16.788538,2.325000,0.500000,0.000000,0.000000,6.073271
0.020000,7.952618,16.786451,2.335000,0.500000,0.000000,0.000000,6.072566
0.020000,7.962397,16.784357,2.345000,0.500000,0.000000,0.000000,6.071864
0.020000,7.972174,16.782256,2.355000,0.500000,0.000000,0.000000,6.071164
0.020000,7.981949,16.780148,2.365000,0.500000,0.000000,0.000000,6.070465
0.020000,7.991723,16.778033,2.375000,0.500000,0.000000,0.000000,6.069769
0.020000,8.001495,16.775912,2.385000,0.500000,0.000000,0.000000,6.069074
0.020000,8.011266,16.773784,2.395000,0.500000,0.000000,0.000000,6.068382
0.020000,8.021036,16.771649,2.405000,0.500000,0.000000,0.000000,6.067691
0.020000,8.030804,16.769507,2.415000,0.500000,0.000000,0.000000,6.067002
0.020000,8.040570,16.767359,2.425000,0.500000,0.000000,0.000000,6.066316
0.020000,8.050335,16.765204,2.435000,0.500000,0.000000,0.000000,6.065631
0.020000,8.060099,16.763042,2.445000,0.500000,0.000000,0.000000,6.064948
0.020000,8.069861,16.760874,2.455000,0.500000,0.000000,0.000000,6.064267
0.020000,8.079621,16.758699,2.465000,0.500000,0.000000,0.000000,6.063588
0.020000,8.089380,16.756517,2.475000,0.500000,0.000000,0.000000,6.062912
0.020000,8.099138,16.754329,2.485000,0.500000,0.000000,0.000000,6.062237
0.020000,8.108894,16.752134,2.495000,0.500000,0.000000,0.000000,6.061564
0.020000,8.118649,16.749932,2.505000,0.500000,0.000000,0.000000,6.060893
0.020000,8.128402,16.747724,2.515000,0.500000,0.000000,0.000000,6.060224
0.020000,8.138154,16.745510,2.525000,0.500000,0.000000,0.000000,6.059557
0.020000,8.147904,16.743289,2.535000,0.500000,0.000000,0.000000,6.058892
0.020000,8.157653,16.741062,2.545000,0.500000,0.000000,0.000000,6.058228
0.020000,8.167400,16.738828,2.555000,0.500000,0.000000,0.000000,6.057567
0.020000,8.177146,16.736588,2.565000,0.500000,0.000000,0.000000,6.056908
0.020000,8.186890,16.734341,2.575000,0.500000,0.000000,0.000000,6.056251
0.020000,8.196633,16.732088,2.585000,0.500000,0.000000,0.000000,6.055596
0.020000,8.206375,16.729828,2.595000,0.500000,0.000000,0.000000,6.054942
0.020000,8.216114,16.727562,2.605000,0.500000,0.000000,0.000000,6.054291
0.020000,8.225853,16.725290,2.615000,0.500000,0.000000,0.000000,6.053642
0.020000,8.235590,16.723012,2.625000,0.500000,0.000000,0.000000,6.052995
0.020000,8.245325,16.720727,2.635000,0.500000,0.000000,0.000000,6.052349
0.020000,8.255059,16.718436,2.645000,0.500000,0.000000,0.000000,6.051706
0.020000,8.264792,16.716139,2.655000,0.500000,0.000000,0.000000,6.051064
0.020000,8.274523,16.713835,2.665000,0.500000,0.000000,0.000000,6.050425
0.020000,8.284253,16.711525,2.675000,0.500000,0.000000,0.000000,6.049788
0.020000,8.293981,16.709209,2.685000,0.500000,0.000000,0.000000,6.049152
0.020000,8.303707,16.706887,2.695000,0.500000,0.000000,0.000000,6.048519
0.020000,8.313433,16.704559,2.705000,0.500000,0.000000,0.000000,6.047887
0.020000,8.323156,16.702225,2.715000,0.500000,0.000000,0.000000,6.047258
0.020000,8.332878,16.699884,2.725000,0.500000,0.000000,0.000000,6.046630
0.020000,8.342599,16.697538,2.735000,0.500000,0.000000,0.000000,6.046005
0.020000,8.352319,16.695185,2.745000,0.500000,0.000000,0.000000,6.045381
0.020000,8.362036,16.692826,2.755000,0.500000,0.000000,0.000000,6.044760
0.020000,8.371753,16.690461,2.765000,0.500000,0.000000,0.000000,6.044140
0.020000,8.381468,16.688091,2.775000,0.500000,0.000000,0.000000,6.043522
0.020000,8.391181,16.685714,2.785000,0.500000,0.000000,0.000000,6.042907
0.020000,8.400893,16.683331,2.795000,0.500000,0.000000,0.000000,6.042293
0.020000,8.410604,16.680943,2.805000,0.500000,0.000000,0.000000,6.041682
0.020000,8.420313,16.678548,2.815000,0.500000,0.000000,0.000000,6.041072
0.020000,8.430020,16.676147,2.825000,0.500000,0.000000,0.000000,6.040464
0.020000,8.439726,16.673741,2.835000,0.500000,0.000000,0.000000,6.039859
0.020000,8.449431,16.671329,2.845000,0.500000,0.000000,0.000000,6.039255
0.020000,8.459134,16.668911,2.855000,0.500000,0.000000,0.000000,6.038653
0.020000,8.468836,16.666487,2.865000,0.500000,0.000000,0.000000,6.038054
0.020000,8.478536,16.664057,2.875000,0.500000,0.000000,0.000000,6.037456
0.020000,8.488235,16.661622,2.885000,0.500000,0.000000,0.000000,6.036860
0.020000,8.497933,16.659180,2.895000,0.500000,0.000000,0.000000,6.036266
0.020000,8.507629,16.656733,2.905000,0.500000,0.000000,0.000000,6.035675
0.020000,8.517323,16.654280,2.915000,0.500000,0.000000,0.000000,6.035085
0.020000,8.527016,16.651822,2.925000,0.500000,0.000000,0.000000,6.034497
0.020000,8.536708,16.649358,2.935000,0.500000,0.000000,0.000000,6.033911
0.020000,8.546398,16.646888,2.945000,0.500000,0.000000,0.000000,6.033328
0.020000,8.556087,16.644412,2.955000,0.500000,0.000000,0.000000,6.032746
0.020000,8.565774,16.641931,2.965000,0.500000,0.000000,0.000000,6.032166
0.020000,8.575460,16.639445,2.975000,0.500000,0.000000,0.000000,6.031588
0.020000,8.585145,16.636952,2.985000,0.500000,0.000000,0.000000,6.031013
0.020000,8.594828,16.634454,2.995000,0.500000,0.000000,0.000000,6.030439
0.020000,8.604509,16.631951,3.005000,0.500000,0.000000,0.000000,6.029867
0.020000,8.614189,16.629442,3.015000,0.500000,0.000000,0.000000,6.029297
0.020000,8.623868,16.626928,3.025000,0.500000,0.000000,0.000000,6.028729
0.020000,8.633545,16.624408,3.035000,0.500000,0.000000,0.000000,6.028163
0.020000,8.643221,16.621882,3.045000,0.500000,0.000000,0.000000,6.027600
0.020000,8.652896,16.619351,3.055000,0.500000,0.000000,0.000000,6.027038
0.020000,8.662569,16.616815,3.065000,0.500000,0.000000,0.000000,6.026478
0.020000,8.672240,16.614274,3.075000,0.500000,0.000000,0.000000,6.025920
0.020000,8.681910,16.611726,3.085000,0.500000,0.000000,0.000000,6.025364
0.020000,8.691579,16.609174,3.095000,0.500000,0.000000,0.000000,6.024810
0.020000,8.701247,16.606616,3.105000,0.500000,0.000000,0.000000,6.024259
0.020000,8.710913,16.604053,3.115000,0.500000,0.000000,0.000000,6.023709
0.020000,8.720577,16.601485,3.125000,0.500000,0.000000,0.000000,6.023161
0.020000,8.730240,16.598911,3.135000,0.500000,0.000000,0.000000,6.022615
0.020000,8.739902,16.596332,3.145000,0.500000,0.000000,0.000000,6.022071
0.020000,8.749562,16.593748,3.155000,0.500000,0.000000,0.000000,6.021529
0.020000,8.759221,16.591159,3.165000,0.500000,0.000000,0.000000,6.020989
0.020000,8.768879,16.588564,3.175000,0.500000,0.000000,0.000000,6.020452
0.020000,8.778535,16.585964,3.185000,0.500000,0.000000,0.000000,6.019916
0.020000,8.788190,16.583359,3.195000,0.500000,0.000000,0.000000,6.019382
0.020000,8.797843,16.580749,3.205000,0.500000,0.000000,0.000000,6.018850
0.020000,8.807495,16.578134,3.215000,0.500000,0.000000,0.000000,6.018320
0.020000,8.817146,16.575514,3.225000,0.500000,0.000000,0.000000,6.017792
0.020000,8.826795,16.572888,3.235000,0.500000,0.000000,0.000000,6.017266
0.020000,8.836443,16.570258,3.245000,0.500000,0.000000,0.000000,6.016742
0.020000,8.846089,16.567622,3.255000,0.500000,0.000000,0.000000,6.016221
0.020000,8.855734,16.564982,3.265000,0.500000,0.000000,0.000000,6.015701
0.020000,8.865378,16.562336,3.275000,0.500000,0.000000,0.000000,6.015183
0.020000,8.875020,16.559685,3.285000,0.500000,0.000000,0.000000,6.014667
0.020000,8.884661,16.557030,3.295000,0.500000,0.000000,0.000000,6.014153
0.020000,8.894301,16.554369,3.305000,0.500000,0.000000,0.000000,6.013641
0.020000,8.903939,16.551704,3.315000,0.500000,0.000000,0.000000,6.013131
0.020000,8.913576,16.549034,3.325000,0.500000,0.000000,0.000000,6.012623
0.020000,8.923211,16.546359,3.335000,0.500000,0.000000,0.000000,6.012117
0.020000,8.932846,16.543679,3.345000,0.500000,0.000000,0.000000,6.011613
0.020000,8.942478,16.540994,3.355000,0.500000,0.000000,0.000000,6.011111
0.020000,8.952110,16.538304,3.365000,0.500000,0.000000,0.000000,6.010611
0.020000,8.961740,16.535609,3.375000,0.500000,0.000000,0.000000,6.010114
0.020000,8.971369,16.532910,3.385000,0.500000,0.000000,0.000000,6.009618
0.020000,8.980996,16.530206,3.395000,0.500000,0.000000,0.000000,6.009124
0.020000,8.990622,16.527497,3.405000,0.500000,0.000000,0.000000,6.008632
0.020000,9.000247,16.524784,3.415000,0.500000,0.000000,0.000000,6.008142
0.020000,9.009871,16.522066,3.425000,0.500000,0.000000,0.000000,6.007654
0.020000,9.019493,16.519343,3.435000,0.500000,0.000000,0.000000,6.007168
0.020000,9.029114,16.516615,3.445000,0.500000,0.000000,0.000000,6.006684
0.020000,9.038733,16.513883,3.455000,0.500000,0.000000,0.000000,6.006202
0.020000,9.048351,16.511146,3.465000,0.500000,0.000000,0.000000,6.005722
0.020000,9.057968,16.508404,3.475000,0.500000,0.000000,0.000000,6.005244
0.020000,9.067584,16.505658,3.485000,0.500000,0.000000,0.000000,6.004768
0.020000,9.077198,16.502908,3.495000,0.500000,0.000000,0.000000,6.004294
0.020000,9.086811,16.500153,3.505000,0.500000,0.000000,0.000000,6.003822
0.020000,9.096423,16.497393,3.515000,0.500000,0.000000,0.000000,6.003352
0.020000,9.106033,16.494629,3.525000,0.500000,0.000000,0.000000,6.002884
0.020000,9.115642,16.491860,3.535000,0.500000,0.000000,0.000000,6.002418
0.020000,9.125250,16.489087,3.545000,0.500000,0.000000,0.000000,6.001954
0.020000,9.134856,16.486309,3.555000,0.500000,0.000000,0.000000,6.001492
0.020000,9.144462,16.483527,3.565000,0.500000,0.000000,0.000000,6.001032
0.020000,9.154066,16.480741,3.575000,0.500000,0.000000,0.000000,6.000574
0.020000,9.163668,16.477950,3.585000,0.500000,0.000000,0.000000,6.000118
0.020000,9.173270,16.475155,3.595000,0.500000,0.000000,0.000000,5.999664
0.020000,9.182870,16.472355,3.605000,0.500000,0.000000,0.000000,5.999211
0.020000,9.192469,16.469551,3.615000,0.500000,0.000000,0.000000,5.998761
0.020000,9.202066,16.466743,3.625000,0.500000,0.000000,0.000000,5.998313
0.020000,9.211663,16.463931,3.635000,0.500000,0.000000,0.000000,5.997867
0.020000,9.221258,16.461114,3.645000,0.500000,0.000000,0.000000,5.997423
0.020000,9.230851,16.458293,3.655000,0.500000,0.000000,0.000000,5.996981
0.020000,9.240444,16.455468,3.665000,0.500000,0.000000,0.000000,5.996541
0.020000,9.250035,16.452638,3.675000,0.500000,0.000000,0.000000,5.996103
0.020000,9.259626,16.449804,3.685000,0.500000,0.000000,0.000000,5.995666
0.020000,9.269214,16.446967,3.695000,0.500000,0.000000,0.000000,5.995232
0.020000,9.278802,16.444125,3.705000,0.500000,0.000000,0.000000,5.994800
0.020000,9.288389,16.441279,3.715000,0.500000,0.000000,0.000000,5.994370
0.020000,9.297974,16.438428,3.725000,0.500000,0.000000,0.000000,5.993942
0.020000,9.307558,16.435574,3.735000,0.500000,0.000000,0.000000,5.993516
0.020000,9.317141,16.432716,3.745000,0.500000,0.000000,0.000000,5.993091
0.020000,9.326722,16.429853,3.755000,0.500000,0.000000,0.000000,5.992669
0.020000,9.336302,16.426987,3.765000,0.500000,0.000000,0.000000,5.992249
0.020000,9.345882,16.424116,3.775000,0.500000,0.000000,0.000000,5.991831
0.020000,9.355460,16.421242,3.785000,0.500000,0.000000,0.000000,5.991414
0.020000,9.365036,16.418363,3.795000,0.500000,0.000000,0.000000,5.991000
0.020000,9.374612,16.415481,3.805000,0.500000,0.000000,0.000000,5.990588
0.020000,9.384186,16.412594,3.815000,0.500000,0.000000,0.000000,5.990177
0.020000,9.393759,16.409704,3.825000,0.500000,0.000000,0.000000,5.989769
0.020000,9.403331,16.406810,3.835000,0.500000,0.000000,0.000000,5.989363
0.020000,9.412902,16.403912,3.845000,0.500000,0.000000,0.000000,5.988958
0.020000,9.422472,16.401010,3.855000,0.500000,0.000000,0.000000,5.988556
0.020000,9.432041,16.398104,3.865000,0.500000,0.000000,0.000000,5.988155
0.020000,9.441608,16.395195,3.875000,0.500000,0.000000,0.000000,5.987757
0.020000,9.451174,16.392281,3.885000,0.500000,0.000000,0.000000,5.987361
0.020000,9.460739,16.389364,3.895000,0.500000,0.000000,0.000000,5.986966
0.020000,9.470303,16.386443,3.905000,0.500000,0.000000,0.000000,5.986574
0.020000,9.479866,16.383518,3.915000,0.500000,0.000000,0.000000,5.986183
0.020000,9.489427,16.380590,3.925000,0.500000,0.000000,0.000000,5.985795
0.020000,9.498988,16.377658,3.935000,0.500000,0.000000,0.000000,5.985408
0.020000,9.508547,16.374722,3.945000,0.500000,0.000000,0.000000,5.985024
0.020000,9.518105,16.371783,3.955000,0.500000,0.000000,0.000000,5.984641
0.020000,9.527663,16.368839,3.965000,0.500000,0.000000,0.000000,5.984260
0.020000,9.537218,16.365893,3.975000,0.500000,0.000000,0.000000,5.983882
0.020000,9.546773,16.362942,3.985000,0.500000,0.000000,0.000000,5.983505
0.020000,9.556327,16.359988,3.995000,0.500000,0.000000,0.000000,5.983130
0.020000,9.565880,16.357031,4.005000,0.500000,0.000000,0.000000,5.982758
0.020000,9.575431,16.354070,4.015000,0.500000,0.000000,0.000000,5.982387
0.020000,9.584982,16.351105,4.025000,0.500000,0.000000,0.000000,5.982018
0.020000,9.594531,16.348137,4.035000,0.500000,0.000000,0.000000,5.981652
0.020000,9.604079,16.345166,4.045000,0.500000,0.000000,0.000000,5.981287
0.020000,9.613627,16.342191,4.055000,0.500000,0.000000,0.000000,5.980924
0.020000,9.623173,16.339212,4.065000,0.500000,0.000000,0.000000,5.980563
0.020000,9.632718,16.336230,4.075000,0.500000,0.000000,0.000000,5.980204
0.020000,9.642262,16.333245,4.085000,0.500000,0.000000,0.000000,5.979847
0.020000,9.651805,16.330256,4.095000,0.500000,0.000000,0.000000,5.979493
0.020000,9.661347,16.327264,4.105000,0.500000,0.000000,0.000000,5.979140
0.020000,9.670887,16.324268,4.115000,0.500000,0.000000,0.000000,5.978789
0.020000,9.680427,16.321269,4.125000,0.500000,0.000000,0.000000,5.978440
0.020000,9.689966,16.318267,4.135000,0.500000,0.000000,0.000000,5.978093
0.020000,9.699504,16.315262,4.145000,0.500000,0.000000,0.000000,5.977748
0.020000,9.709040,16.312253,4.155000,0.500000,0.000000,0.000000,5.977405
0.020000,9.718576,16.309241,4.165000,0.500000,0.000000,0.000000,5.977063
0.020000,9.728110,16.306226,4.175000,0.500000,0.000000,0.000000,5.976724
0.020000,9.737644,16.303207,4.185000,0.500000,0.000000,0.000000,5.976387
0.020000,9.747176,16.300186,4.195000,0.500000,0.000000,0.000000,5.976052
0.020000,9.756708,16.297161,4.205000,0.500000,0.000000,0.000000,5.975719
0.020000,9.766239,16.294133,4.215000,0.500000,0.000000,0.000000,5.975388
0.020000,9.775768,16.291102,4.225000,0.500000,0.000000,0.000000,5.975058
0.020000,9.785297,16.288067,4.235000,0.500000,0.000000,0.000000,5.974731
0.020000,9.794824,16.285030,4.245000,0.500000,0.000000,0.000000,5.974406
0.020000,9.804351,16.281989,4.255000,0.500000,0.000000,0.000000,5.974082
0.020000,9.813876,16.278946,4.265000,0.500000,0.000000,0.000000,5.973761
0.020000,9.823401,16.275899,4.275000,0.500000,0.000000,0.000000,5.973441
0.020000,9.832924,16.272849,4.285000,0.500000,0.000000,0.000000,5.973124
0.020000,9.842447,16.269797,4.295000,0.500000,0.000000,0.000000,5.972808
0.020000,9.851969,16.266741,4.305000,0.500000,0.000000,0.000000,5.972495
0.020000,9.861490,16.263682,4.315000,0.500000,0.000000,0.000000,5.972183
0.020000,9.871009,16.260621,4.325000,0.500000,0.000000,0.000000,5.971874
0.020000,9.880528,16.257556,4.335000,0.500000,0.000000,0.000000,5.971566
0.020000,9.890046,16.254489,4.345000,0.500000,0.000000,0.000000,5.971260
0.020000,9.899563,16.251419,4.355000,0.500000,0.000000,0.000000,5.970956
0.020000,9.909079,16.248345,4.365000,0.500000,0.000000,0.000000,5.970655
0.020000,9.918594,16.245269,4.375000,0.500000,0.000000,0.000000,5.970355
0.020000,9.928109,16.242190,4.385000,0.500000,0.000000,0.000000,5.970057
0.020000,9.937622,16.239108,4.395000,0.500000,0.000000,0.000000,5.969761
0.020000,9.947134,16.236024,4.405000,0.500000,0.000000,0.000000,5.969467
0.020000,9.956646,16.232937,4.415000,0.500000,0.000000,0.000000,5.969175
0.020000,9.966156,16.229846,4.425000,0.500000,0.000000,0.000000,5.968885
0.020000,9.975666,16.226754,4.435000,0.500000,0.000000,0.000000,5.968597
0.020000,9.985175,16.223658,4.445000,0.500000,0.000000,0.000000,5.968311
0.020000,9.994683,16.220560,4.455000,0.500000,0.000000,0.000000,5.968027
0.020000,10.004190,16.217459,4.465000,0.500000,0.000000,0.000000,5.967745
0.020000,10.013696,16.214355,4.475000,0.500000,0.000000,0.000000,5.967465
0.020000,10.023201,16.211249,4.485000,0.500000,0.000000,0.000000,5.967186
0.020000,10.032706,16.208140,4.495000,0.500000,0.000000,0.000000,5.966910
0.020000,10.042209,16.205028,4.505000,0.500000,0.000000,0.000000,5.966636
0.020000,10.051712,16.201914,4.515000,0.500000,0.000000,0.000000,5.966363
0.020000,10.061214,16.198797,4.525000,0.500000,0.000000,0.000000,5.966093
0.020000,10.070715,16.195678,4.535000,0.500000,0.000000,0.000000,5.965824
0.020000,10.080215,16.192556,4.545000,0.500000,0.000000,0.000000,5.965558
0.020000,10.089714,16.189431,4.555000,0.500000,0.000000,0.000000,5.965293
0.020000,10.099213,16.186305,4.565000,0.500000,0.000000,0.000000,5.965031
0.020000,10.108711,16.183175,4.575000,0.500000,0.000000,0.000000,5.964770
0.020000,10.118208,16.180043,4.585000,0.500000,0.000000,0.000000,5.964511
0.020000,10.127704,16.176909,4.595000,0.500000,0.000000,0.000000,5.964254
0.020000,10.137199,16.173772,4.605000,0.500000,0.000000,0.000000,5.964000
0.020000,10.146694,16.170633,4.615000,0.500000,0.000000,0.000000,5.963747
0.020000,10.156187,16.167492,4.625000,0.500000,0.000000,0.000000,5.963496
0.020000,10.165680,16.164348,4.635000,0.500000,0.000000,0.000000,5.963247
0.020000,10.175172,16.161201,4.645000,0.500000,0.000000,0.000000,5.963000
0.020000,10.184664,16.158053,4.655000,0.500000,0.000000,0.000000,5.962755
0.020000,10.194154,16.154902,4.665000,0.500000,0.000000,0.000000,5.962512
0.020000,10.203644,16.151749,4.675000,0.500000,0.000000,0.000000,5.962270
0.020000,10.213133,16.148593,4.685000,0.500000,0.000000,0.000000,5.962031
0.020000,10.222622,16.145436,4.695000,0.500000,0.000000,0.000000,5.961794
0.020000,10.232109,16.142276,4.705000,0.500000,0.000000,0.000000,5.961559
0.020000,10.241596,16.139113,4.715000,0.500000,0.000000,0.000000,5.961325
0.020000,10.251082,16.135949,4.725000,0.500000,0.000000,0.000000,5.961094
0.020000,10.260568,16.132782,4.735000,0.500000,0.000000,0.000000,5.960864
0.020000,10.270052,16.129614,4.745000,0.500000,0.000000,0.000000,5.960637
0.020000,10.279536,16.126443,4.755000,0.500000,0.000000,0.000000,5.960411
0.020000,10.289019,16.123270,4.765000,0.500000,0.000000,0.000000,5.960188
0.020000,10.298502,16.120094,4.775000,0.500000,0.000000,0.000000,5.959966
0.020000,10.307984,16.116917,4.785000,0.500000,0.000000,0.000000,5.959746
0.020000,10.317465,16.113738,4.795000,0.500000,0.000000,0.000000,5.959528
0.020000,10.326945,16.110556,4.805000,0.500000,0.000000,0.000000,5.959312
0.020000,10.336425,16.107373,4.815000,0.500000,0.000000,0.000000,5.959098
0.020000,10.345904,16.104188,4.825000,0.500000,0.000000,0.000000,5.958886
0.020000,10.355383,16.101000,4.835000,0.500000,0.000000,0.000000,5.958676
0.020000,10.364860,16.097811,4.845000,0.500000,0.000000,0.000000,5.958468
0.020000,10.374338,16.094619,4.855000,0.500000,0.000000,0.000000,5.958262
0.020000,10.383814,16.091426,4.865000,0.500000,0.000000,0.000000,5.958058
0.020000,10.393290,16.088231,4.875000,0.500000,0.000000,0.000000,5.957856
0.020000,10.402765,16.085034,4.885000,0.500000,0.000000,0.000000,5.957655
0.020000,10.412239,16.081835,4.895000,0.500000,0.000000,0.000000,5.957457
0.020000,10.421713,16.078634,4.905000,0.500000,0.000000,0.000000,5.957260
0.020000,10.431186,16.075431,4.915000,0.500000,0.000000,0.000000,5.957066
0.020000,10.440659,16.072226,4.925000,0.500000,0.000000,0.000000,5.956873
0.020000,10.450131,16.069020,4.935000,0.500000,0.000000,0.000000,5.956683
0.020000,10.459602,16.065812,4.945000,0.500000,0.000000,0.000000,5.956494
0.020000,10.469073,16.062602,4.955000,0.500000,0.000000,0.000000,5.956307
0.020000,10.478543,16.059390,4.965000,0.500000,0.000000,0.000000,5.956122
0.020000,10.488013,16.056176,4.975000,0.500000,0.000000,0.000000,5.955939
0.020000,10.497482,16.052961,4.985000,0.500000,0.000000,0.000000,5.955758
0.020000,10.506951,16.049744,4.995000,0.500000,0.000000,0.000000,5.955579
0.020000,10.516418,16.046526,5.005000,0.500000,0.000000,0.000000,5.955402
0.020000,10.525886,16.043305,5.015000,0.500000,0.000000,0.000000,5.955227
0.020000,10.535352,16.040083,5.025000,0.500000,0.000000,0.000000,5.955054
0.020000,10.544819,16.036860,5.035000,0.500000,0.000000,0.000000,5.954883
0.020000,10.554284,16.033635,5.045000,0.500000,0.000000,0.000000,5.954713
0.020000,10.563749,16.030408,5.055000,0.500000,0.000000,0.000000,5.954546
0.020000,10.573214,16.027180,5.065000,0.500000,0.000000,0.000000,5.954380
0.020000,10.582678,16.023950,5.075000,0.500000,0.000000,0.000000,5.954217
0.020000,10.592141,16.020718,5.085000,0.500000,0.000000,0.000000,5.954055
0.020000,10.601604,16.017485,5.095000,0.500000,0.000000,0.000000,5.953896
0.020000,10.611067,16.014251,5.105000,0.500000,0.000000,0.000000,5.953738
0.020000,10.620529,16.011015,5.115000,0.500000,0.000000,0.000000,5.953582
0.020000,10.629990,16.007777,5.125000,0.500000,0.000000,0.000000,5.953428
0.020000,10.639451,16.004539,5.135000,0.500000,0.000000,0.000000,5.953276
0.020000,10.648912,16.001298,5.145000,0.500000,0.000000,0.000000,5.953126
0.020000,10.658372,15.998057,5.155000,0.500000,0.000000,0.000000,5.952978
0.020000,10.667831,15.994814,5.165000,0.500000,0.000000,0.000000,5.952832
0.020000,10.677290,15.991569,5.175000,0.500000,0.000000,0.000000,5.952688
0.020000,10.686749,15.988323,5.185000,0.500000,0.000000,0.000000,5.952545
0.020000,10.696207,15.985076,5.195000,0.500000,0.000000,0.000000,5.952405
0.020000,10.705665,15.981828,5.205000,0.500000,0.000000,0.000000,5.952267
0.020000,10.715122,15.978578,5.215000,0.500000,0.000000,0.000000,5.952130
0.020000,10.724579,15.975327,5.225000,0.500000,0.000000,0.000000,5.951995
0.020000,10.734035,15.972075,5.235000,0.500000,0.000000,0.000000,5.951863
0.020000,10.743491,15.968821,5.245000,0.500000,0.000000,0.000000,5.951732
0.020000,10.752946,15.965566,5.255000,0.500000,0.000000,0.000000,5.951603
0.020000,10.762401,15.962310,5.265000,0.500000,0.000000,0.000000,5.951476
0.020000,10.771856,15.959053,5.275000,0.500000,0.000000,0.000000,5.951351
0.020000,10.781310,15.955795,5.285000,0.500000,0.000000,0.000000,5.951228
0.020000,10.790764,15.952535,5.295000,0.500000,0.000000,0.000000,5.951107
0.020000,10.800218,15.949274,5.305000,0.500000,0.000000,0.000000,5.950988
0.020000,10.809671,15.946013,5.315000,0.500000,0.000000,0.000000,5.950871
0.020000,10.819124,15.942750,5.325000,0.500000,0.000000,0.000000,5.950756
0.020000,10.828576,15.939486,5.335000,0.500000,0.000000,0.000000,5.950642
0.020000,10.838028,15.936221,5.345000,0.500000,0.000000,0.000000,5.950531
0.020000,10.847479,15.932955,5.355000,0.500000,0.000000,0.000000,5.950421
0.020000,10.856931,15.929688,5.365000,0.500000,0.000000,0.000000,5.950314
0.020000,10.866382,15.926420,5.375000,0.500000,0.000000,0.000000,5.950208
0.020000,10.875832,15.923151,5.385000,0.500000,0.000000,0.000000,5.950104
0.020000,10.885282,15.919881,5.395000,0.500000,0.000000,0.000000,5.950002
0.020000,10.894732,15.916610,5.405000,0.500000,0.000000,0.000000,5.949903
0.020000,10.904182,15.913338,5.415000,0.500000,0.000000,0.000000,5.949805
0.020000,10.913631,15.910065,5.425000,0.500000,0.000000,0.000000,5.949708
0.020000,10.923080,15.906791,5.435000,0.500000,0.000000,0.000000,5.949614
0.020000,10.932529,15.903516,5.445000,0.500000,0.000000,0.000000,5.949522
0.020000,10.941977,15.900241,5.455000,0.500000,0.000000,0.000000,5.949432
0.020000,10.951425,15.896965,5.465000,0.500000,0.000000,0.000000,5.949343
0.020000,10.960873,15.893687,5.475000,0.500000,0.000000,0.000000,5.949257
0.020000,10.970320,15.890409,5.485000,0.500000,0.000000,0.000000,5.949173
0.020000,10.979768,15.887131,5.495000,0.500000,0.000000,0.000000,5.949090
0.020000,10.989215,15.883851,5.505000,0.500000,0.000000,0.000000,5.949009
0.020000,10.998661,15.880571,5.515000,0.500000,0.000000,0.000000,5.948931
0.020000,11.008108,15.877290,5.525000,0.500000,0.000000,0.000000,5.948854
0.020000,11.017554,15.874008,5.535000,0.500000,0.000000,0.000000,5.948779
0.020000,11.027000,15.870726,5.545000,0.500000,0.000000,0.000000,5.948706
0.020000,11.036445,15.867443,5.555000,0.500000,0.000000,0.000000,5.948635
0.020000,11.045891,15.864159,5.565000,0.500000,0.000000,0.000000,5.948566
0.020000,11.055336,15.860874,5.575000,0.500000,0.000000,0.000000,5.948498
0.020000,11.064781,15.857589,5.585000,0.500000,0.000000,0.000000,5.948433
0.020000,11.074226,15.854304,5.595000,0.500000,0.000000,0.000000,5.948370
0.020000,11.083671,15.851017,5.605000,0.500000,0.000000,0.000000,5.948308
0.020000,11.093115,15.847731,5.615000,0.500000,0.000000,0.000000,5.948249
0.020000,11.102559,15.844443,5.625000,0.500000,0.000000,0.000000,5.948191
0.020000,11.112003,15.841155,5.635000,0.500000,0.000000,0.000000,5.948135
0.020000,11.121447,15.837867,5.645000,0.500000,0.000000,0.000000,5.948082
0.020000,11.130891,15.834578,5.655000,0.500000,0.000000,0.000000,5.948030
0.020000,11.140334,15.831289,5.665000,0.500000,0.000000,0.000000,5.947980
0.020000,11.149778,15.827999,5.675000,0.500000,0.000000,0.000000,5.947932
0.020000,11.159221,15.824708,5.685000,0.500000,0.000000,0.000000,5.947886
0.020000,11.168664,15.821418,5.695000,0.500000,0.000000,0.000000,5.947842
0.020000,11.178107,15.818127,5.705000,0.500000,0.000000,0.000000,5.947799
0.020000,11.187550,15.814835,5.715000,0.500000,0.000000,0.000000,5.947759
0.020000,11.196992,15.811543,5.725000,0.500000,0.000000,0.000000,5.947721
0.020000,11.206435,15.808251,5.735000,0.500000,0.000000,0.000000,5.947684
0.020000,11.215877,15.804958,5.745000,0.500000,0.000000,0.000000,5.947650
0.020000,11.225319,15.801665,5.755000,0.500000,0.000000,0.000000,5.947617
0.020000,11.234762,15.798372,5.765000,0.500000,0.000000,0.000000,5.947586
0.020000,11.244204,15.795079,5.775000,0.500000,0.000000,0.000000,5.947557
0.020000,11.253646,15.791785,5.785000,0.500000,0.000000,0.000000,5.947530
0.020000,11.263088,15.788491,5.795000,0.500000,0.000000,0.000000,5.947506
0.020000,11.272529,15.785197,5.805000,0.500000,0.000000,0.000000,5.947482
0.020000,11.281971,15.781902,5.815000,0.500000,0.000000,0.000000,5.947461
0.020000,11.291413,15.778608,5.825000,0.500000,0.000000,0.000000,5.947442
0.020000,11.300854,15.775313,5.835000,0.500000,0.000000,0.000000,5.947425
0.020000,11.310296,15.772018,5.845000,0.500000,0.000000,0.000000,5.947409
0.020000,11.319738,15.768723,5.855000,0.500000,0.000000,0.000000,5.947396
0.020000,11.329179,15.765428,5.865000,0.500000,0.000000,0.000000,5.947384
0.020000,11.338620,15.762132,5.875000,0.500000,0.000000,0.000000,5.947375
0.020000,11.348062,15.758837,5.885000,0.500000,0.000000,0.000000,5.947367
0.020000,11.357503,15.755542,5.895000,0.500000,0.000000,0.000000,5.947361
0.020000,11.366945,15.752246,5.905000,0.500000,0.000000,0.000000,5.947357
0.020000,11.376386,15.748951,5.915000,0.500000,0.000000,0.000000,5.947356
0.020000,11.385827,15.745655,5.925000,0.500000,0.000000,0.000000,5.947356
0.020000,11.395269,15.742359,5.935000,0.500000,0.000000,0.000000,5.947357
0.020000,11.404710,15.739064,5.945000,0.500000,0.000000,0.000000,5.947361
0.020000,11.414152,15.735769,5.955000,0.500000,0.000000,0.000000,5.947367
0.020000,11.423593,15.732473,5.965000,0.500000,0.000000,0.000000,5.947375
0.020000,11.433034,15.729178,5.975000,0.500000,0.000000,0.000000,5.947384
0.020000,11.442476,15.725883,5.985000,0.500000,0.000000,0.000000,5.947396
0.020000,11.451917,15.722588,5.995000,0.500000,0.000000,0.000000,5.947409
0.020000,11.461359,15.719293,6.005000,0.500000,0.000000,0.000000,5.947424
0.020000,11.470801,15.715998,6.015000,0.500000,0.000000,0.000000,5.947442
0.020000,11.480242,15.712703,6.025000,0.500000,0.000000,0.000000,5.947461
0.020000,11.489684,15.709409,6.035000,0.500000,0.000000,0.000000,5.947482
0.020000,11.499126,15.706115,6.045000,0.500000,0.000000,0.000000,5.947505
0.020000,11.508568,15.702821,6.055000,0.500000,0.000000,0.000000,5.947530
0.020000,11.518010,15.699527,6.065000,0.500000,0.000000,0.000000,5.947557
0.020000,11.527452,15.696233,6.075000,0.500000,0.000000,0.000000,5.947585
0.020000,11.536894,15.692940,6.085000,0.500000,0.000000,0.000000,5.947616
0.020000,11.546336,15.689647,6.095000,0.500000,0.000000,0.000000,5.947649
0.020000,11.555779,15.686355,6.105000,0.500000,0.000000,0.000000,5.947683
0.020000,11.565221,15.683062,6.115000,0.500000,0.000000,0.000000,5.947720
0.020000,11.574664,15.679770,6.125000,0.500000,0.000000,0.000000,5.947758
0.020000,11.584107,15.676479,6.135000,0.500000,0.000000,0.000000,5.947798
0.020000,11.593550,15.673188,6.145000,0.500000,0.000000,0.000000,5.947840
0.020000,11.602993,15.669897,6.155000,0.500000,0.000000,0.000000,5.947885
0.020000,11.612436,15.666607,6.165000,0.500000,0.000000,0.000000,5.947931
0.020000,11.621879,15.663317,6.175000,0.500000,0.000000,0.000000,5.947979
0.020000,11.631323,15.660027,6.185000,0.500000,0.000000,0.000000,5.948028
0.020000,11.640766,15.656738,6.195000,0.500000,0.000000,0.000000,5.948080
0.020000,11.650210,15.653450,6.205000,0.500000,0.000000,0.000000,5.948134
0.020000,11.659654,15.650162,6.215000,0.500000,0.000000,0.000000,5.948190
0.020000,11.669098,15.646875,6.225000,0.500000,0.000000,0.000000,5.948247
0.020000,11.678543,15.643588,6.235000,0.500000,0.000000,0.000000,5.948307
0.020000,11.687987,15.640302,6.245000,0.500000,0.000000,0.000000,5.948368
0.020000,11.697432,15.637016,6.255000,0.500000,0.000000,0.000000,5.948431
0.020000,11.706877,15.633731,6.265000,0.500000,0.000000,0.000000,5.948497
0.020000,11.716322,15.630446,6.275000,0.500000,0.000000,0.000000,5.948564
0.020000,11.725768,15.627163,6.285000,0.500000,0.000000,0.000000,5.948633
0.020000,11.735214,15.623880,6.295000,0.500000,0.000000,0.000000,5.948704
0.020000,11.744660,15.620597,6.305000,0.500000,0.000000,0.000000,5.948777
0.020000,11.754106,15.617315,6.315000,0.500000,0.000000,0.000000,5.948852
0.020000,11.763552,15.614034,6.325000,0.500000,0.000000,0.000000,5.948928
0.020000,11.772999,15.610754,6.335000,0.500000,0.000000,0.000000,5.949007
0.020000,11.782446,15.607474,6.345000,0.500000,0.000000,0.000000,5.949088
0.020000,11.791893,15.604196,6.355000,0.500000,0.000000,0.000000,5.949170
0.020000,11.801340,15.600918,6.365000,0.500000,0.000000,0.000000,5.949255
0.020000,11.810788,15.597640,6.375000,0.500000,0.000000,0.000000,5.949341
0.020000,11.820236,15.594364,6.385000,0.500000,0.000000,0.000000,5.949430
0.020000,11.829685,15.591089,6.395000,0.500000,0.000000,0.000000,5.949520
0.020000,11.839133,15.587814,6.405000,0.500000,0.000000,0.000000,5.949612
0.020000,11.848582,15.584540,6.415000,0.500000,0.000000,0.000000,5.949706
0.020000,11.858031,15.581267,6.425000,0.500000,0.000000,0.000000,5.949802
0.020000,11.867481,15.577995,6.435000,0.500000,0.000000,0.000000,5.949900
0.020000,11.876931,15.574724,6.445000,0.500000,0.000000,0.000000,5.950000
0.020000,11.886381,15.571454,6.455000,0.500000,0.000000,0.000000,5.950102
0.020000,11.895832,15.568185,6.465000,0.500000,0.000000,0.000000,5.950205
0.020000,11.905283,15.564917,6.475000,0.500000,0.000000,0.000000,5.950311
0.020000,11.914734,15.561650,6.485000,0.500000,0.000000,0.000000,5.950418
0.020000,11.924185,15.558384,6.495000,0.500000,0.000000,0.000000,5.950528
0.020000,11.933637,15.555119,6.505000,0.500000,0.000000,0.000000,5.950639
0.020000,11.943090,15.551855,6.515000,0.500000,0.000000,0.000000,5.950753
0.020000,11.952542,15.548592,6.525000,0.500000,0.000000,0.000000,5.950868
0.020000,11.961995,15.545330,6.535000,0.500000,0.000000,0.000000,5.950985
0.020000,11.971449,15.542070,6.545000,0.500000,0.000000,0.000000,5.951104
0.020000,11.980903,15.538810,6.555000,0.500000,0.000000,0.000000,5.951225
0.020000,11.990357,15.535552,6.565000,0.500000,0.000000,0.000000,5.951348
0.020000,11.999812,15.532294,6.575000,0.500000,0.000000,0.000000,5.951473
0.020000,12.009267,15.529038,6.585000,0.500000,0.000000,0.000000,5.951600
0.020000,12.018722,15.525784,6.595000,0.500000,0.000000,0.000000,5.951729
0.020000,12.028178,15.522530,6.605000,0.500000,0.000000,0.000000,5.951859
0.020000,12.037634,15.519278,6.615000,0.500000,0.000000,0.000000,5.951992
0.020000,12.047091,15.516027,6.625000,0.500000,0.000000,0.000000,5.952127
0.020000,12.056548,15.512777,6.635000,0.500000,0.000000,0.000000,5.952263
0.020000,12.066006,15.509528,6.645000,0.500000,0.000000,0.000000,5.952401
0.020000,12.075464,15.506281,6.655000,0.500000,0.000000,0.000000,5.952542
0.020000,12.084923,15.503035,6.665000,0.500000,0.000000,0.000000,5.952684
0.020000,12.094382,15.499791,6.675000,0.500000,0.000000,0.000000,5.952828
0.020000,12.103841,15.496548,6.685000,0.500000,0.000000,0.000000,5.952974
0.020000,12.113301,15.493306,6.695000,0.500000,0.000000,0.000000,5.953122
0.020000,12.122762,15.490066,6.705000,0.500000,0.000000,0.000000,5.953272
0.020000,12.132223,15.486827,6.715000,0.500000,0.000000,0.000000,5.953424
0.020000,12.141684,15.483589,6.725000,0.500000,0.000000,0.000000,5.953578
0.020000,12.151146,15.480353,6.735000,0.500000,0.000000,0.000000,5.953734
0.020000,12.160609,15.477119,6.745000,0.500000,0.000000,0.000000,5.953891
0.020000,12.170072,15.473886,6.755000,0.500000,0.000000,0.000000,5.954051
0.020000,12.179535,15.470654,6.765000,0.500000,0.000000,0.000000,5.954213
0.020000,12.188999,15.467424,6.775000,0.500000,0.000000,0.000000,5.954376
0.020000,12.198464,15.464196,6.785000,0.500000,0.000000,0.000000,5.954542
0.020000,12.207929,15.460969,6.795000,0.500000,0.000000,0.000000,5.954709
0.020000,12.217394,15.457744,6.805000,0.500000,0.000000,0.000000,5.954878
0.020000,12.226860,15.454520,6.815000,0.500000,0.000000,0.000000,5.955050
0.020000,12.236327,15.451298,6.825000,0.500000,0.000000,0.000000,5.955223
0.020000,12.245794,15.448078,6.835000,0.500000,0.000000,0.000000,5.955398
0.020000,12.255262,15.444859,6.845000,0.500000,0.000000,0.000000,5.955575
0.020000,12.264731,15.441642,6.855000,0.500000,0.000000,0.000000,5.955754
0.020000,12.274200,15.438427,6.865000,0.500000,0.000000,0.000000,5.955935
0.020000,12.283669,15.435214,6.875000,0.500000,0.000000,0.000000,5.956118
0.020000,12.293140,15.432002,6.885000,0.500000,0.000000,0.000000,5.956302
0.020000,12.302610,15.428792,6.895000,0.500000,0.000000,0.000000,5.956489
0.020000,12.312082,15.425583,6.905000,0.500000,0.000000,0.000000,5.956678
0.020000,12.321554,15.422377,6.915000,0.500000,0.000000,0.000000,5.956868
0.020000,12.331026,15.419172,6.925000,0.500000,0.000000,0.000000,5.957061
0.020000,12.340499,15.415970,6.935000,0.500000,0.000000,0.000000,5.957255
0.020000,12.349973,15.412769,6.945000,0.500000,0.000000,0.000000,5.957452
0.020000,12.359448,15.409569,6.955000,0.500000,0.000000,0.000000,5.957650
0.020000,12.368923,15.406372,6.965000,0.500000,0.000000,0.000000,5.957850
0.020000,12.378399,15.403177,6.975000,0.500000,0.000000,0.000000,5.958053
0.020000,12.387875,15.399984,6.985000,0.500000,0.000000,0.000000,5.958257
0.020000,12.397352,15.396792,6.995000,0.500000,0.000000,0.000000,5.958463
0.020000,12.406830,15.393603,7.005000,0.500000,0.000000,0.000000,5.958671
0.020000,12.416308,15.390415,7.015000,0.500000,0.000000,0.000000,5.958881
0.020000,12.425787,15.387230,7.025000,0.500000,0.000000,0.000000,5.959093
0.020000,12.435267,15.384046,7.035000,0.500000,0.000000,0.000000,5.959307
0.020000,12.444747,15.380865,7.045000,0.500000,0.000000,0.000000,5.959523
0.020000,12.454229,15.377685,7.055000,0.500000,0.000000,0.000000,5.959740
0.020000,12.463710,15.374508,7.065000,0.500000,0.000000,0.000000,5.959960
0.020000,12.473193,15.371333,7.075000,0.500000,0.000000,0.000000,5.960182
0.020000,12.482676,15.368160,7.085000,0.500000,0.000000,0.000000,5.960405
0.020000,12.492160,15.364989,7.095000,0.500000,0.000000,0.000000,5.960631
0.020000,12.501645,15.361820,7.105000,0.500000,0.000000,0.000000,5.960858
0.020000,12.511130,15.358653,7.115000,0.500000,0.000000,0.000000,5.961088
0.020000,12.520616,15.355489,7.125000,0.500000,0.000000,0.000000,5.961319
0.020000,12.530103,15.352327,7.135000,0.500000,0.000000,0.000000,5.961553
0.020000,12.539591,15.349166,7.145000,0.500000,0.000000,0.000000,5.961788
0.020000,12.549079,15.346009,7.155000,0.500000,0.000000,0.000000,5.962025
0.020000,12.558568,15.342853,7.165000,0.500000,0.000000,0.000000,5.962264
0.020000,12.568058,15.339700,7.175000,0.500000,0.000000,0.000000,5.962505
0.020000,12.577548,15.336549,7.185000,0.500000,0.000000,0.000000,5.962748
0.020000,12.587040,15.333400,7.195000,0.500000,0.000000,0.000000,5.962993
0.020000,12.596532,15.330254,7.205000,0.500000,0.000000,0.000000,5.963240
0.020000,12.606025,15.327110,7.215000,0.500000,0.000000,0.000000,5.963489
0.020000,12.615519,15.323968,7.225000,0.500000,0.000000,0.000000,5.963740
0.020000,12.625013,15.320829,7.235000,0.500000,0.000000,0.000000,5.963993
0.020000,12.634508,15.317692,7.245000,0.500000,0.000000,0.000000,5.964248
0.020000,12.644004,15.314558,7.255000,0.500000,0.000000,0.000000,5.964504
0.020000,12.653501,15.311426,7.265000,0.500000,0.000000,0.000000,5.964763
0.020000,12.662999,15.308297,7.275000,0.500000,0.000000,0.000000,5.965024
0.020000,12.672498,15.305170,7.285000,0.500000,0.000000,0.000000,5.965286
0.020000,12.681997,15.302045,7.295000,0.500000,0.000000,0.000000,5.965551
0.020000,12.691497,15.298923,7.305000,0.500000,0.000000,0.000000,5.965817
0.020000,12.700998,15.295804,7.315000,0.500000,0.000000,0.000000,5.966086
0.020000,12.710500,15.292687,7.325000,0.500000,0.000000,0.000000,5.966356
0.020000,12.720003,15.289573,7.335000,0.500000,0.000000,0.000000,5.966629
0.020000,12.729506,15.286461,7.345000,0.500000,0.000000,0.000000,5.966903
0.020000,12.739011,15.283352,7.355000,0.500000,0.000000,0.000000,5.967179
0.020000,12.748516,15.280246,7.365000,0.500000,0.000000,0.000000,5.967457
0.020000,12.758022,15.277142,7.375000,0.500000,0.000000,0.000000,5.967737
0.020000,12.767529,15.274041,7.385000,0.500000,0.000000,0.000000,5.968020
0.020000,12.777037,15.270942,7.395000,0.500000,0.000000,0.000000,5.968304
0.020000,12.786546,15.267847,7.405000,0.500000,0.000000,0.000000,5.968590
0.020000,12.796055,15.264754,7.415000,0.500000,0.000000,0.000000,5.968878
0.020000,12.805566,15.261664,7.425000,0.500000,0.000000,0.000000,5.969168
0.020000,12.815077,15.258576,7.435000,0.500000,0.000000,0.000000,5.969460
0.020000,12.824590,15.255492,7.445000,0.500000,0.000000,0.000000,5.969753
0.020000,12.834103,15.252410,7.455000,0.500000,0.000000,0.000000,5.970049
0.020000,12.843617,15.249331,7.465000,0.500000,0.000000,0.000000,5.970347
0.020000,12.853132,15.246255,7.475000,0.500000,0.000000,0.000000,5.970647
0.020000,12.862648,15.243181,7.485000,0.500000,0.000000,0.000000,5.970949
0.020000,12.872165,15.240111,7.495000,0.500000,0.000000,0.000000,5.971252
0.020000,12.881683,15.237043,7.505000,0.500000,0.000000,0.000000,5.971558
0.020000,12.891202,15.233979,7.515000,0.500000,0.000000,0.000000,5.971866
0.020000,12.900722,15.230917,7.525000,0.500000,0.000000,0.000000,5.972175
0.020000,12.910243,15.227858,7.535000,0.500000,0.000000,0.000000,5.972487
0.020000,12.919764,15.224802,7.545000,0.500000,0.000000,0.000000,5.972800
0.020000,12.929287,15.221750,7.555000,0.500000,0.000000,0.000000,5.973116
0.020000,12.938810,15.218700,7.565000,0.500000,0.000000,0.000000,5.973433
0.020000,12.948335,15.215653,7.575000,0.500000,0.000000,0.000000,5.973752
0.020000,12.957861,15.212610,7.585000,0.500000,0.000000,0.000000,5.974074
0.020000,12.967387,15.209569,7.595000,0.500000,0.000000,0.000000,5.974397
0.020000,12.976915,15.206532,7.605000,0.500000,0.000000,0.000000,5.974722
0.020000,12.986443,15.203497,7.615000,0.500000,0.000000,0.000000,5.975050
0.020000,12.995973,15.200466,7.625000,0.500000,0.000000,0.000000,5.975379
0.020000,13.005503,15.197438,7.635000,0.500000,0.000000,0.000000,5.975710
0.020000,13.015035,15.194413,7.645000,0.500000,0.000000,0.000000,5.976043
0.020000,13.024567,15.191391,7.655000,0.500000,0.000000,0.000000,5.976378
0.020000,13.034101,15.188373,7.665000,0.500000,0.000000,0.000000,5.976716
0.020000,13.043635,15.185357,7.675000,0.500000,0.000000,0.000000,5.977055
0.020000,13.053171,15.182345,7.685000,0.500000,0.000000,0.000000,5.977396
0.020000,13.062707,15.179336,7.695000,0.500000,0.000000,0.000000,5.977739
0.020000,13.072245,15.176331,7.705000,0.500000,0.000000,0.000000,5.978084
0.020000,13.081784,15.173328,7.715000,0.500000,0.000000,0.000000,5.978431
0.020000,13.091324,15.170330,7.725000,0.500000,0.000000,0.000000,5.978780
0.020000,13.100864,15.167334,7.735000,0.500000,0.000000,0.000000,5.979130
0.020000,13.110406,15.164342,7.745000,0.500000,0.000000,0.000000,5.979483
0.020000,13.119949,15.161353,7.755000,0.500000,0.000000,0.000000,5.979838
0.020000,13.129493,15.158367,7.765000,0.500000,0.000000,0.000000,5.980195
0.020000,13.139038,15.155385,7.775000,0.500000,0.000000,0.000000,5.980554
0.020000,13.148584,15.152407,7.785000,0.500000,0.000000,0.000000,5.980915
0.020000,13.158131,15.149432,7.795000,0.500000,0.000000,0.000000,5.981277
0.020000,13.167680,15.146460,7.805000,0.500000,0.000000,0.000000,5.981642
0.020000,13.177229,15.143492,7.815000,0.500000,0.000000,0.000000,5.982009
0.020000,13.186779,15.140527,7.825000,0.500000,0.000000,0.000000,5.982377
0.020000,13.196331,15.137566,7.835000,0.500000,0.000000,0.000000,5.982748
0.020000,13.205883,15.134608,7.845000,0.500000,0.000000,0.000000,5.983121
0.020000,13.215437,15.131654,7.855000,0.500000,0.000000,0.000000,5.983495
0.020000,13.224992,15.128704,7.865000,0.500000,0.000000,0.000000,5.983872
0.020000,13.234548,15.125757,7.875000,0.500000,0.000000,0.000000,5.984251
0.020000,13.244105,15.122814,7.885000,0.500000,0.000000,0.000000,5.984631
0.020000,13.253663,15.119874,7.895000,0.500000,0.000000,0.000000,5.985014
0.020000,13.263223,15.116938,7.905000,0.500000,0.000000,0.000000,5.985398
0.020000,13.272783,15.114006,7.915000,0.500000,0.000000,0.000000,5.985785
0.020000,13.282345,15.111078,7.925000,0.500000,0.000000,0.000000,5.986173
0.020000,13.291907,15.108153,7.935000,0.500000,0.000000,0.000000,5.986563
0.020000,13.301471,15.105232,7.945000,0.500000,0.000000,0.000000,5.986956
0.020000,13.311036,15.102314,7.955000,0.500000,0.000000,0.000000,5.987350
0.020000,13.320602,15.099401,7.965000,0.500000,0.000000,0.000000,5.987747
0.020000,13.330170,15.096491,7.975000,0.500000,0.000000,0.000000,5.988145
0.020000,13.339738,15.093585,7.985000,0.500000,0.000000,0.000000,5.988545
0.020000,13.349308,15.090683,7.995000,0.500000,0.000000,0.000000,5.988948
0.020000,13.358879,15.087785,8.005000,0.500000,0.000000,0.000000,5.989352
0.020000,13.368451,15.084891,8.015000,0.500000,0.000000,0.000000,5.989758
0.020000,13.378024,15.082001,8.025000,0.500000,0.000000,0.000000,5.990167
0.020000,13.387598,15.079114,8.035000,0.500000,0.000000,0.000000,5.990577
0.020000,13.397174,15.076232,8.045000,0.500000,0.000000,0.000000,5.990989
0.020000,13.406750,15.073353,8.055000,0.500000,0.000000,0.000000,5.991403
0.020000,13.416328,15.070478,8.065000,0.500000,0.000000,0.000000,5.991820
0.020000,13.425907,15.067608,8.075000,0.500000,0.000000,0.000000,5.992238
0.020000,13.435488,15.064741,8.085000,0.500000,0.000000,0.000000,5.992658
0.020000,13.445069,15.061879,8.095000,0.500000,0.000000,0.000000,5.993080
0.020000,13.454652,15.059020,8.105000,0.500000,0.000000,0.000000,5.993504
0.020000,13.464236,15.056166,8.115000,0.500000,0.000000,0.000000,5.993931
0.020000,13.473821,15.053315,8.125000,0.500000,0.000000,0.000000,5.994359
0.020000,13.483408,15.050469,8.135000,0.500000,0.000000,0.000000,5.994789
0.020000,13.492995,15.047627,8.145000,0.500000,0.000000,0.000000,5.995221
0.020000,13.502584,15.044789,8.155000,0.500000,0.000000,0.000000,5.995655
0.020000,13.512174,15.041955,8.165000,0.500000,0.000000,0.000000,5.996091
0.020000,13.521765,15.039126,8.175000,0.500000,0.000000,0.000000,5.996529
0.020000,13.531358,15.036300,8.185000,0.500000,0.000000,0.000000,5.996969
0.020000,13.540952,15.033479,8.195000,0.500000,0.000000,0.000000,5.997412
0.020000,13.550547,15.030662,8.205000,0.500000,0.000000,0.000000,5.997856
0.020000,13.560143,15.027850,8.215000,0.500000,0.000000,0.000000,5.998302
0.020000,13.569741,15.025042,8.225000,0.500000,0.000000,0.000000,5.998750
0.020000,13.579340,15.022238,8.235000,0.500000,0.000000,0.000000,5.999200
0.020000,13.588940,15.019438,8.245000,0.500000,0.000000,0.000000,5.999652
0.020000,13.598541,15.016643,8.255000,0.500000,0.000000,0.000000,6.000106
0.020000,13.608144,15.013852,8.265000,0.500000,0.000000,0.000000,6.000562
0.020000,13.617748,15.011065,8.275000,0.500000,0.000000,0.000000,6.001020
0.020000,13.627353,15.008283,8.285000,0.500000,0.000000,0.000000,6.001480
0.020000,13.636959,15.005505,8.295000,0.500000,0.000000,0.000000,6.001942
0.020000,13.646567,15.002732,8.305000,0.500000,0.000000,0.000000,6.002406
0.020000,13.656176,14.999963,8.315000,0.500000,0.000000,0.000000,6.002872
0.020000,13.665786,14.997199,8.325000,0.500000,0.000000,0.000000,6.003340
0.020000,13.675398,14.994439,8.335000,0.500000,0.000000,0.000000,6.003810
0.020000,13.685011,14.991684,8.345000,0.500000,0.000000,0.000000,6.004282
0.020000,13.694625,14.988933,8.355000,0.500000,0.000000,0.000000,6.004756
0.020000,13.704241,14.986187,8.365000,0.500000,0.000000,0.000000,6.005231
0.020000,13.713858,14.983445,8.375000,0.500000,0.000000,0.000000,6.005709
0.020000,13.723476,14.980708,8.385000,0.500000,0.000000,0.000000,6.006189
0.020000,13.733095,14.977976,8.395000,0.500000,0.000000,0.000000,6.006671
0.020000,13.742716,14.975248,8.405000,0.500000,0.000000,0.000000,6.007155
0.020000,13.752338,14.972525,8.415000,0.500000,0.000000,0.000000,6.007641
0.020000,13.761962,14.969807,8.425000,0.500000,0.000000,0.000000,6.008129
0.020000,13.771586,14.967093,8.435000,0.500000,0.000000,0.000000,6.008619
0.020000,13.781212,14.964384,8.445000,0.500000,0.000000,0.000000,6.009111
0.020000,13.790840,14.961680,8.455000,0.500000,0.000000,0.000000,6.009605
0.020000,13.800469,14.958981,8.465000,0.500000,0.000000,0.000000,6.010101
0.020000,13.810099,14.956286,8.475000,0.500000,0.000000,0.000000,6.010598
0.020000,13.819730,14.953596,8.485000,0.500000,0.000000,0.000000,6.011098
0.020000,13.829363,14.950911,8.495000,0.500000,0.000000,0.000000,6.011600
0.020000,13.838997,14.948231,8.505000,0.500000,0.000000,0.000000,6.012104
0.020000,13.848633,14.945556,8.515000,0.500000,0.000000,0.000000,6.012610
0.020000,13.858269,14.942885,8.525000,0.500000,0.000000,0.000000,6.013118
0.020000,13.867908,14.940220,8.535000,0.500000,0.000000,0.000000,6.013628
0.020000,13.877547,14.937559,8.545000,0.500000,0.000000,0.000000,6.014140
0.020000,13.887188,14.934903,8.555000,0.500000,0.000000,0.000000,6.014653
0.020000,13.896830,14.932253,8.565000,0.500000,0.000000,0.000000,6.015169
0.020000,13.906474,14.929607,8.575000,0.500000,0.000000,0.000000,6.015687
0.020000,13.916119,14.926966,8.585000,0.500000,0.000000,0.000000,6.016207
0.020000,13.925766,14.924331,8.595000,0.500000,0.000000,0.000000,6.016729
0.020000,13.935413,14.921700,8.605000,0.500000,0.000000,0.000000,6.017253
0.020000,13.945063,14.919075,8.615000,0.500000,0.000000,0.000000,6.017779
0.020000,13.954713,14.916454,8.625000,0.500000,0.000000,0.000000,6.018306
0.020000,13.964365,14.913839,8.635000,0.500000,0.000000,0.000000,6.018836
0.020000,13.974018,14.911228,8.645000,0.500000,0.000000,0.000000,6.019368
0.020000,13.983673,14.908623,8.655000,0.500000,0.000000,0.000000,6.019902
0.020000,13.993329,14.906023,8.665000,0.500000,0.000000,0.000000,6.020438
0.020000,14.002987,14.903429,8.675000,0.500000,0.000000,0.000000,6.020975
0.020000,14.012646,14.900839,8.685000,0.500000,0.000000,0.000000,6.021515
0.020000,14.022306,14.898255,8.695000,0.500000,0.000000,0.000000,6.022057
0.020000,14.031968,14.895676,8.705000,0.500000,0.000000,0.000000,6.022601
0.020000,14.041631,14.893102,8.715000,0.500000,0.000000,0.000000,6.023147
0.020000,14.051295,14.890533,8.725000,0.500000,0.000000,0.000000,6.023695
0.020000,14.060961,14.887970,8.735000,0.500000,0.000000,0.000000,6.024244
0.020000,14.070628,14.885412,8.745000,0.500000,0.000000,0.000000,6.024796
0.020000,14.080297,14.882860,8.755000,0.500000,0.000000,0.000000,6.025350
0.020000,14.089967,14.880312,8.765000,0.500000,0.000000,0.000000,6.025906
0.020000,14.099639,14.877771,8.775000,0.500000,0.000000,0.000000,6.026463
0.020000,14.109312,14.875234,8.785000,0.500000,0.000000,0.000000,6.027023
0.020000,14.118986,14.872703,8.795000,0.500000,0.000000,0.000000,6.027585
0.020000,14.128662,14.870178,8.805000,0.500000,0.000000,0.000000,6.028149
0.020000,14.138339,14.867658,8.815000,0.500000,0.000000,0.000000,6.028715
0.020000,14.148018,14.865143,8.825000,0.500000,0.000000,0.000000,6.029282
0.020000,14.157698,14.862634,8.835000,0.500000,0.000000,0.000000,6.029852
0.020000,14.167380,14.860130,8.845000,0.500000,0.000000,0.000000,6.030424
0.020000,14.177063,14.857632,8.855000,0.500000,0.000000,0.000000,6.030998
0.020000,14.186747,14.855140,8.865000,0.500000,0.000000,0.000000,6.031573
0.020000,14.196433,14.852653,8.875000,0.500000,0.000000,0.000000,6.032151
0.020000,14.206120,14.850172,8.885000,0.500000,0.000000,0.000000,6.032731
0.020000,14.215809,14.847696,8.895000,0.500000,0.000000,0.000000,6.033312
0.020000,14.225499,14.845226,8.905000,0.500000,0.000000,0.000000,6.033896
0.020000,14.235191,14.842762,8.915000,0.500000,0.000000,0.000000,6.034482
0.020000,14.244884,14.840303,8.925000,0.500000,0.000000,0.000000,6.035070
0.020000,14.254578,14.837850,8.935000,0.500000,0.000000,0.000000,6.035659
0.020000,14.264274,14.835403,8.945000,0.500000,0.000000,0.000000,6.036251
0.020000,14.273971,14.832962,8.955000,0.500000,0.000000,0.000000,6.036845
0.020000,14.283670,14.830526,8.965000,0.500000,0.000000,0.000000,6.037440
0.020000,14.293371,14.828096,8.975000,0.500000,0.000000,0.000000,6.038038
0.020000,14.303072,14.825672,8.985000,0.500000,0.000000,0.000000,6.038638
0.020000,14.312776,14.823254,8.995000,0.500000,0.000000,0.000000,6.039239
0.020000,14.322480,14.820841,9.005000,0.500000,0.000000,0.000000,6.039843
0.020000,14.332186,14.818435,9.015000,0.500000,0.000000,0.000000,6.040448
0.020000,14.341894,14.816034,9.025000,0.500000,0.000000,0.000000,6.041056
0.020000,14.351603,14.813639,9.035000,0.500000,0.000000,0.000000,6.041666
0.020000,14.361313,14.811251,9.045000,0.500000,0.000000,0.000000,6.042277
0.020000,14.371025,14.808868,9.055000,0.500000,0.000000,0.000000,6.042891
0.020000,14.380739,14.806491,9.065000,0.500000,0.000000,0.000000,6.043506
0.020000,14.390454,14.804120,9.075000,0.500000,0.000000,0.000000,6.044124
0.020000,14.400170,14.801755,9.085000,0.500000,0.000000,0.000000,6.044743
0.020000,14.409888,14.799396,9.095000,0.500000,0.000000,0.000000,6.045365
0.020000,14.419607,14.797043,9.105000,0.500000,0.000000,0.000000,6.045988
0.020000,14.429328,14.794697,9.115000,0.500000,0.000000,0.000000,6.046614
0.020000,14.439050,14.792356,9.125000,0.500000,0.000000,0.000000,6.047241
0.020000,14.448774,14.790021,9.135000,0.500000,0.000000,0.000000,6.047871
0.020000,14.458499,14.787693,9.145000,0.500000,0.000000,0.000000,6.048502
0.020000,14.468225,14.785371,9.155000,0.500000,0.000000,0.000000,6.049136
0.020000,14.477953,14.783055,9.165000,0.500000,0.000000,0.000000,6.049771
0.020000,14.487683,14.780745,9.175000,0.500000,0.000000,0.000000,6.050408
0.020000,14.497414,14.778441,9.185000,0.500000,0.000000,0.000000,6.051048
0.020000,14.507147,14.776144,9.195000,0.500000,0.000000,0.000000,6.051689
0.020000,14.516881,14.773852,9.205000,0.500000,0.000000,0.000000,6.052332
0.020000,14.526616,14.771567,9.215000,0.500000,0.000000,0.000000,6.052978
0.020000,14.536353,14.769289,9.225000,0.500000,0.000000,0.000000,6.053625
0.020000,14.546091,14.767016,9.235000,0.500000,0.000000,0.000000,6.054274
0.020000,14.555831,14.764750,9.245000,0.500000,0.000000,0.000000,6.054925
0.020000,14.565573,14.762491,9.255000,0.500000,0.000000,0.000000,6.055579
0.020000,14.575315,14.760238,9.265000,0.500000,0.000000,0.000000,6.056234
0.020000,14.585060,14.757991,9.275000,0.500000,0.000000,0.000000,6.056891
0.020000,14.594805,14.755750,9.285000,0.500000,0.000000,0.000000,6.057550
0.020000,14.604553,14.753516,9.295000,0.500000,0.000000,0.000000,6.058211
0.020000,14.614301,14.751289,9.305000,0.500000,0.000000,0.000000,6.058874
0.020000,14.624052,14.749067,9.315000,0.500000,0.000000,0.000000,6.059539
0.020000,14.633803,14.746853,9.325000,0.500000,0.000000,0.000000,6.060206
0.020000,14.643557,14.744645,9.335000,0.500000,0.000000,0.000000,6.060875
0.020000,14.653311,14.742443,9.345000,0.500000,0.000000,0.000000,6.061546
0.020000,14.663067,14.740248,9.355000,0.500000,0.000000,0.000000,6.062219
0.020000,14.672825,14.738060,9.365000,0.500000,0.000000,0.000000,6.062894
0.020000,14.682584,14.735878,9.375000,0.500000,0.000000,0.000000,6.063571
0.020000,14.692345,14.733703,9.385000,0.500000,0.000000,0.000000,6.064250
0.020000,14.702107,14.731534,9.395000,0.500000,0.000000,0.000000,6.064930
0.020000,14.711870,14.729372,9.405000,0.500000,0.000000,0.000000,6.065613
0.020000,14.721635,14.727217,9.415000,0.500000,0.000000,0.000000,6.066298
0.020000,14.731401,14.725068,9.425000,0.500000,0.000000,0.000000,6.066984
0.020000,14.741169,14.722927,9.435000,0.500000,0.000000,0.000000,6.067673
0.020000,14.750939,14.720791,9.445000,0.500000,0.000000,0.000000,6.068364
0.020000,14.760710,14.718663,9.455000,0.500000,0.000000,0.000000,6.069056
0.020000,14.770482,14.716541,9.465000,0.500000,0.000000,0.000000,6.069751
0.020000,14.780256,14.714427,9.475000,0.500000,0.000000,0.000000,6.070447
0.020000,14.790031,14.712319,9.485000,0.500000,0.000000,0.000000,6.071145
0.020000,14.799808,14.710218,9.495000,0.500000,0.000000,0.000000,6.071846
0.020000,14.809586,14.708123,9.505000,0.500000,0.000000,0.000000,6.072548
0.020000,14.819366,14.706036,9.515000,0.500000,0.000000,0.000000,6.073252
0.020000,14.829147,14.703955,9.525000,0.500000,0.000000,0.000000,6.073958
0.020000,14.838930,14.701882,9.535000,0.500000,0.000000,0.000000,6.074667
0.020000,14.848714,14.699815,9.545000,0.500000,0.000000,0.000000,6.075377
0.020000,14.858499,14.697756,9.555000,0.500000,0.000000,0.000000,6.076089
0.020000,14.868287,14.695703,9.565000,0.500000,0.000000,0.000000,6.076803
0.020000,14.878075,14.693657,9.575000,0.500000,0.000000,0.000000,6.077519
0.020000,14.887865,14.691618,9.585000,0.500000,0.000000,0.000000,6.078236
0.020000,14.897656,14.689587,9.595000,0.500000,0.000000,0.000000,6.078956
0.020000,14.907449,14.687562,9.605000,0.500000,0.000000,0.000000,6.079678
0.020000,14.917244,14.685545,9.615000,0.500000,0.000000,0.000000,6.080402
0.020000,14.927040,14.683534,9.625000,0.500000,0.000000,0.000000,6.081127
0.020000,14.936837,14.681531,9.635000,0.500000,0.000000,0.000000,6.081855
0.020000,14.946636,14.679535,9.645000,0.500000,0.000000,0.000000,6.082584
0.020000,14.956436,14.677546,9.655000,0.500000,0.000000,0.000000,6.083316
0.020000,14.966237,14.675564,9.665000,0.500000,0.000000,0.000000,6.084049
0.020000,14.976041,14.673589,9.675000,0.500000,0.000000,0.000000,6.084784
0.020000,14.985845,14.671622,9.685000,0.500000,0.000000,0.000000,6.085521
0.020000,14.995651,14.669662,9.695000,0.500000,0.000000,0.000000,6.086260
0.020000,15.005459,14.667709,9.705000,0.500000,0.000000,0.000000,6.087001
0.020000,15.015267,14.665763,9.715000,0.500000,0.000000,0.000000,6.087744
0.020000,15.025078,14.663825,9.725000,0.500000,0.000000,0.000000,6.088489
0.020000,15.034890,14.661894,9.735000,0.500000,0.000000,0.000000,6.089236
0.020000,15.044703,14.659970,9.745000,0.500000,0.000000,0.000000,6.089985
0.020000,15.054517,14.658054,9.755000,0.500000,0.000000,0.000000,6.090735
0.020000,15.064334,14.656145,9.765000,0.500000,0.000000,0.000000,6.091488
0.020000,15.074151,14.654243,9.775000,0.500000,0.000000,0.000000,6.092242
0.020000,15.083970,14.652349,9.785000,0.500000,0.000000,0.000000,6.092999
0.020000,15.093790,14.650463,9.795000,0.500000,0.000000,0.000000,6.093757
0.020000,15.103612,14.648583,9.805000,0.500000,0.000000,0.000000,6.094517
0.020000,15.113436,14.646712,9.815000,0.500000,0.000000,0.000000,6.095279
0.020000,15.123260,14.644847,9.825000,0.500000,0.000000,0.000000,6.096043
0.020000,15.133086,14.642991,9.835000,0.500000,0.000000,0.000000,6.096809
0.020000,15.142914,14.641141,9.845000,0.500000,0.000000,0.000000,6.097577
0.020000,15.152743,14.639300,9.855000,0.500000,0.000000,0.000000,6.098346
0.020000,15.162573,14.637466,9.865000,0.500000,0.000000,0.000000,6.099118
0.020000,15.172405,14.635639,9.875000,0.500000,0.000000,0.000000,6.099891
0.020000,15.182238,14.633820,9.885000,0.500000,0.000000,0.000000,6.100667
0.020000,15.192073,14.632009,9.895000,0.500000,0.000000,0.000000,6.101444
0.020000,15.201909,14.630205,9.905000,0.500000,0.000000,0.000000,6.102223
0.020000,15.211746,14.628409,9.915000,0.500000,0.000000,0.000000,6.103004
0.020000,15.221585,14.626621,9.925000,0.500000,0.000000,0.000000,6.103787
0.020000,15.231425,14.624841,9.935000,0.500000,0.000000,0.000000,6.104572
0.020000,15.241267,14.623068,9.945000,0.500000,0.000000,0.000000,6.105358
0.020000,15.251110,14.621303,9.955000,0.500000,0.000000,0.000000,6.106147
0.020000,15.260954,14.619546,9.965000,0.500000,0.000000,0.000000,6.106937
0.020000,15.270800,14.617796,9.975000,0.500000,0.000000,0.000000,6.107730
0.020000,15.280647,14.616054,9.985000,0.500000,0.000000,0.000000,6.108524
0.020000,15.290496,14.614321,9.995000,0.500000,0.000000,0.000000,6.109320
0.020000,15.300346,14.612595,10.005000,0.500000,0.000000,0.000000,6.110118
0.020000,15.310197,14.610877,10.015000,0.500000,0.000000,0.000000,6.110917
0.020000,15.320050,14.609166,10.025000,0.500000,0.000000,0.000000,6.111719
0.020000,15.329904,14.607464,10.035000,0.500000,0.000000,0.000000,6.112522
0.020000,15.339759,14.605770,10.045000,0.500000,0.000000,0.000000,6.113328
0.020000,15.349616,14.604083,10.055000,0.500000,0.000000,0.000000,6.114135
0.020000,15.359474,14.602405,10.065000,0.500000,0.000000,0.000000,6.114944
0.020000,15.369333,14.600734,10.075000,0.500000,0.000000,0.000000,6.115755
0.020000,15.379194,14.599072,10.085000,0.500000,0.000000,0.000000,6.116568
0.020000,15.389056,14.597417,10.095000,0.500000,0.000000,0.000000,6.117382
0.020000,15.398920,14.595771,10.105000,0.500000,0.000000,0.000000,6.118199
0.020000,15.408785,14.594132,10.115000,0.500000,0.000000,0.000000,6.119017
0.020000,15.418651,14.592502,10.125000,0.500000,0.000000,0.000000,6.119837
0.020000,15.428519,14.590880,10.135000,0.500000,0.000000,0.000000,6.120659
0.020000,15.438387,14.589266,10.145000,0.500000,0.000000,0.000000,6.121482
0.020000,15.448258,14.587660,10.155000,0.500000,0.000000,0.000000,6.122308
0.020000,15.458129,14.586062,10.165000,0.500000,0.000000,0.000000,6.123135
0.020000,15.468002,14.584473,10.175000,0.500000,0.000000,0.000000,6.123965
0.020000,15.477876,14.582891,10.185000,0.500000,0.000000,0.000000,6.124796
0.020000,15.487752,14.581318,10.195000,0.500000,0.000000,0.000000,6.125629
0.020000,15.497628,14.579753,10.205000,0.500000,0.000000,0.000000,6.126463
0.020000,15.507507,14.578197,10.215000,0.500000,0.000000,0.000000,6.127300
0.020000,15.517386,14.576648,10.225000,0.500000,0.000000,0.000000,6.128138
0.020000,15.527267,14.575108,10.235000,0.500000,0.000000,0.000000,6.128978
0.020000,15.537149,14.573576,10.245000,0.500000,0.000000,0.000000,6.129820
0.020000,15.547032,14.572053,10.255000,0.500000,0.000000,0.000000,6.130664
0.020000,15.556916,14.570538,10.265000,0.500000,0.000000,0.000000,6.131509
0.020000,15.566802,14.569031,10.275000,0.500000,0.000000,0.000000,6.132357
0.020000,15.576689,14.567532,10.285000,0.500000,0.000000,0.000000,6.133206
0.020000,15.586578,14.566042,10.295000,0.500000,0.000000,0.000000,6.134057
0.020000,15.596467,14.564561,10.305000,0.500000,0.000000,0.000000,6.134909
0.020000,15.606358,14.563088,10.315000,0.500000,0.000000,0.000000,6.135764
0.020000,15.616250,14.561623,10.325000,0.500000,0.000000,0.000000,6.136620
0.020000,15.626144,14.560167,10.335000,0.500000,0.000000,0.000000,6.137478
0.020000,15.636038,14.558719,10.345000,0.500000,0.000000,0.000000,6.138338
0.020000,15.645934,14.557280,10.355000,0.500000,0.000000,0.000000,6.139199
0.020000,15.655832,14.555850,10.365000,0.500000,0.000000,0.000000,6.140063
0.020000,15.665730,14.554427,10.375000,0.500000,0.000000,0.000000,6.140928
0.020000,15.675629,14.553014,10.385000,0.500000,0.000000,0.000000,6.141794
0.020000,15.685530,14.551609,10.395000,0.500000,0.000000,0.000000,6.142663
0.020000,15.695432,14.550213,10.405000,0.500000,0.000000,0.000000,6.143533
0.020000,15.705336,14.548825,10.415000,0.500000,0.000000,0.000000,6.144406
0.020000,15.715240,14.547446,10.425000,0.500000,0.000000,0.000000,6.145279
0.020000,15.725146,14.546076,10.435000,0.500000,0.000000,0.000000,6.146155
0.020000,15.735053,14.544714,10.445000,0.500000,0.000000,0.000000,6.147032
0.020000,15.744961,14.543361,10.455000,0.500000,0.000000,0.000000,6.147911
0.020000,15.754870,14.542017,10.465000,0.500000,0.000000,0.000000,6.148792
0.020000,15.764780,14.540681,10.475000,0.500000,0.000000,0.000000,6.149675
0.020000,15.774692,14.539355,10.485000,0.500000,0.000000,0.000000,6.150559
0.020000,15.784605,14.538037,10.495000,0.500000,0.000000,0.000000,6.151445
0.020000,15.794519,14.536727,10.505000,0.500000,0.000000,0.000000,6.152333
0.020000,15.804434,14.535427,10.515000,0.500000,0.000000,0.000000,6.153222
0.020000,15.814350,14.534135,10.525000,0.500000,0.000000,0.000000,6.154113
0.020000,15.824267,14.532853,10.535000,0.500000,0.000000,0.000000,6.155006
0.020000,15.834186,14.531579,10.545000,0.500000,0.000000,0.000000,6.155901
0.020000,15.844106,14.530314,10.555000,0.500000,0.000000,0.000000,6.156797
0.020000,15.854026,14.529058,10.565000,0.500000,0.000000,0.000000,6.157695
0.020000,15.863948,14.527811,10.575000,0.500000,0.000000,0.000000,6.158595
0.020000,15.873871,14.526572,10.585000,0.500000,0.000000,0.000000,6.159496
0.020000,15.883795,14.525343,10.595000,0.500000,0.000000,0.000000,6.160399
0.020000,15.893721,14.524123,10.605000,0.500000,0.000000,0.000000,6.161304
0.020000,15.903647,14.522912,10.615000,0.500000,0.000000,0.000000,6.162210
0.020000,15.913575,14.521709,10.625000,0.500000,0.000000,0.000000,6.163118
0.020000,15.923503,14.520516,10.635000,0.500000,0.000000,0.000000,6.164028
0.020000,15.933433,14.519332,10.645000,0.500000,0.000000,0.000000,6.164939
0.020000,15.943363,14.518157,10.655000,0.500000,0.000000,0.000000,6.165852
0.020000,15.953295,14.516991,10.665000,0.500000,0.000000,0.000000,6.166767
0.020000,15.963228,14.515834,10.675000,0.500000,0.000000,0.000000,6.167684
0.020000,15.973162,14.514686,10.685000,0.500000,0.000000,0.000000,6.168602
0.020000,15.983097,14.513547,10.695000,0.500000,0.000000,0.000000,6.169521
0.020000,15.993033,14.512417,10.705000,0.500000,0.000000,0.000000,6.170443
0.020000,16.002970,14.511297,10.715000,0.500000,0.000000,0.000000,6.171366
0.020000,16.012908,14.510186,10.725000,0.500000,0.000000,0.000000,6.172290
0.020000,16.022847,14.509083,10.735000,0.500000,0.000000,0.000000,6.173216
0.020000,16.032787,14.507991,10.745000,0.500000,0.000000,0.000000,6.174144
0.020000,16.042728,14.506907,10.755000,0.500000,0.000000,0.000000,6.175074
0.020000,16.052670,14.505833,10.765000,0.500000,0.000000,0.000000,6.176005
0.020000,16.062613,14.504767,10.775000,0.500000,0.000000,0.000000,6.176938
0.020000,16.072557,14.503712,10.785000,0.500000,0.000000,0.000000,6.177872
0.020000,16.082503,14.502665,10.795000,0.500000,0.000000,0.000000,6.178808
0.020000,16.092449,14.501628,10.805000,0.500000,0.000000,0.000000,6.179745
0.020000,16.102396,14.500600,10.815000,0.500000,0.000000,0.000000,6.180685
0.020000,16.112344,14.499581,10.825000,0.500000,0.000000,0.000000,6.181625
0.020000,16.122293,14.498572,10.835000,0.500000,0.000000,0.000000,6.182568
0.020000,16.132242,14.497572,10.845000,0.500000,0.000000,0.000000,6.183511
0.020000,16.142193,14.496582,10.855000,0.500000,0.000000,0.000000,6.184457
0.020000,16.152145,14.495601,10.865000,0.500000,0.000000,0.000000,6.185404
0.020000,16.162098,14.494630,10.875000,0.500000,0.000000,0.000000,6.186353
0.020000,16.172052,14.493667,10.885000,0.500000,0.000000,0.000000,6.187303
0.020000,16.182006,14.492715,10.895000,0.500000,0.000000,0.000000,6.188254
0.020000,16.191961,14.491772,10.905000,0.500000,0.000000,0.000000,6.189208
0.020000,16.201918,14.490838,10.915000,0.500000,0.000000,0.000000,6.190163
0.020000,16.211875,14.489914,10.925000,0.500000,0.000000,0.000000,6.191119
0.020000,16.221833,14.488999,10.935000,0.500000,0.000000,0.000000,6.192077
0.020000,16.231792,14.488094,10.945000,0.500000,0.000000,0.000000,6.193036
0.020000,16.241752,14.487199,10.955000,0.500000,0.000000,0.000000,6.193997
0.020000,16.251712,14.486313,10.965000,0.500000,0.000000,0.000000,6.194960
0.020000,16.261674,14.485437,10.975000,0.500000,0.000000,0.000000,6.195924
0.020000,16.271636,14.484570,10.985000,0.500000,0.000000,0.000000,6.196889
0.020000,16.281599,14.483713,10.995000,0.500000,0.000000,0.000000,6.197856
0.020000,16.291564,14.482865,11.005000,0.500000,0.000000,0.000000,6.198825
0.020000,16.301529,14.482028,11.015000,0.500000,0.000000,0.000000,6.199795
0.020000,16.311494,14.481200,11.025000,0.500000,0.000000,0.000000,6.200767
0.020000,16.321460,14.480381,11.035000,0.500000,0.000000,0.000000,6.201740
0.020000,16.331428,14.479572,11.045000,0.500000,0.000000,0.000000,6.202714
0.020000,16.341396,14.478773,11.055000,0.500000,0.000000,0.000000,6.203690
0.020000,16.351365,14.477984,11.065000,0.500000,0.000000,0.000000,6.204668
0.020000,16.361334,14.477205,11.075000,0.500000,0.000000,0.000000,6.205647
0.020000,16.371305,14.476435,11.085000,0.500000,0.000000,0.000000,6.206627
0.020000,16.381275,14.475675,11.095000,0.500000,0.000000,0.000000,6.207609
0.020000,16.391247,14.474925,11.105000,0.500000,0.000000,0.000000,6.208592
0.020000,16.401220,14.474185,11.115000,0.500000,0.000000,0.000000,6.209577
0.020000,16.411193,14.473454,11.125000,0.500000,0.000000,0.000000,6.210563
0.020000,16.421167,14.472733,11.135000,0.500000,0.000000,0.000000,6.211551
0.020000,16.431142,14.472023,11.145000,0.500000,0.000000,0.000000,6.212540
0.020000,16.441117,14.471322,11.155000,0.500000,0.000000,0.000000,6.213531
0.020000,16.451093,14.470631,11.165000,0.500000,0.000000,0.000000,6.214523
0.020000,16.461070,14.469950,11.175000,0.500000,0.000000,0.000000,6.215516
0.020000,16.471048,14.469278,11.185000,0.500000,0.000000,0.000000,6.216511
0.020000,16.481026,14.468617,11.195000,0.500000,0.000000,0.000000,6.217507
0.020000,16.491005,14.467966,11.205000,0.500000,0.000000,0.000000,6.218505
0.020000,16.500984,14.467324,11.215000,0.500000,0.000000,0.000000,6.219504
0.020000,16.510964,14.466693,11.225000,0.500000,0.000000,0.000000,6.220504
0.020000,16.520944,14.466072,11.235000,0.500000,0.000000,0.000000,6.221506
0.020000,16.530926,14.465460,11.245000,0.500000,0.000000,0.000000,6.222509
0.020000,16.540908,14.464859,11.255000,0.500000,0.000000,0.000000,6.223513
0.020000,16.550890,14.464267,11.265000,0.500000,0.000000,0.000000,6.224519
0.020000,16.560873,14.463686,11.275000,0.500000,0.000000,0.000000,6.225526
0.020000,16.570857,14.463115,11.285000,0.500000,0.000000,0.000000,6.226535
0.020000,16.580841,14.462554,11.295000,0.500000,0.000000,0.000000,6.227545
0.020000,16.590826,14.462003,11.305000,0.500000,0.000000,0.000000,6.228556
0.020000,16.600811,14.461462,11.315000,0.500000,0.000000,0.000000,6.229569
0.020000,16.610797,14.460931,11.325000,0.500000,0.000000,0.000000,6.230583
0.020000,16.620784,14.460410,11.335000,0.500000,0.000000,0.000000,6.231598
0.020000,16.630771,14.459900,11.345000,0.500000,0.000000,0.000000,6.232615
0.020000,16.640758,14.459399,11.355000,0.500000,0.000000,0.000000,6.233633
0.020000,16.650746,14.458909,11.365000,0.500000,0.000000,0.000000,6.234652
0.020000,16.660735,14.458429,11.375000,0.500000,0.000000,0.000000,6.235672
0.020000,16.670724,14.457959,11.385000,0.500000,0.000000,0.000000,6.236694
0.020000,16.680713,14.457499,11.395000,0.500000,0.000000,0.000000,6.237717
0.020000,16.690703,14.457050,11.405000,0.500000,0.000000,0.000000,6.238742
0.020000,16.700693,14.456611,11.415000,0.500000,0.000000,0.000000,6.239767
0.020000,16.710684,14.456182,11.425000,0.500000,0.000000,0.000000,6.240794
0.020000,16.720675,14.455763,11.435000,0.500000,0.000000,0.000000,6.241823
0.020000,16.730667,14.455355,11.445000,0.500000,0.000000,0.000000,6.242852
0.020000,16.740659,14.454957,11.455000,0.500000,0.000000,0.000000,6.243883
0.020000,16.750651,14.454569,11.465000,0.500000,0.000000,0.000000,6.244915
0.020000,16.760644,14.454192,11.475000,0.500000,0.000000,0.000000,6.245948
0.020000,16.770637,14.453825,11.485000,0.500000,0.000000,0.000000,6.246982
0.020000,16.780631,14.453468,11.495000,0.500000,0.000000,0.000000,6.248018
0.020000,16.790625,14.453121,11.505000,0.500000,0.000000,0.000000,6.249055
0.020000,16.800620,14.452785,11.515000,0.500000,0.000000,0.000000,6.250093
0.020000,16.810614,14.452460,11.525000,0.500000,0.000000,0.000000,6.251132
0.020000,16.820609,14.452144,11.535000,0.500000,0.000000,0.000000,6.252173
0.020000,16.830604,14.451839,11.545000,0.500000,0.000000,0.000000,6.253215
0.020000,16.840600,14.451545,11.555000,0.500000,0.000000,0.000000,6.254257
0.020000,16.850596,14.451261,11.565000,0.500000,0.000000,0.000000,6.255302
0.020000,16.860593,14.450987,11.575000,0.500000,0.000000,0.000000,6.256347
0.020000,16.870589,14.450724,11.585000,0.500000,0.000000,0.000000,6.257393
0.020000,16.880586,14.450472,11.595000,0.500000,0.000000,0.000000,6.258441
0.020000,16.890583,14.450229,11.605000,0.500000,0.000000,0.000000,6.259490
0.020000,16.900580,14.449998,11.615000,0.500000,0.000000,0.000000,6.260539
0.020000,16.910578,14.449777,11.625000,0.500000,0.000000,0.000000,6.261591
0.020000,16.920576,14.449566,11.635000,0.500000,0.000000,0.000000,6.262643
0.020000,16.930574,14.449366,11.645000,0.500000,0.000000,0.000000,6.263696
0.020000,16.940572,14.449176,11.655000,0.500000,0.000000,0.000000,6.264750
0.020000,16.950570,14.448997,11.665000,0.500000,0.000000,0.000000,6.265806
0.020000,16.960569,14.448829,11.675000,0.500000,0.000000,0.000000,6.266863
0.020000,16.970568,14.448671,11.685000,0.500000,0.000000,0.000000,6.267920
0.020000,16.980567,14.448523,11.695000,0.500000,0.000000,0.000000,6.268979
0.020000,16.990565,14.448387,11.705000,0.500000,0.000000,0.000000,6.270039
0.020000,17.000564,14.448260,11.715000,0.500000,0.000000,0.000000,6.271100
0.020000,17.010564,14.448145,11.725000,0.500000,0.000000,0.000000,6.272162
0.020000,17.020563,14.448040,11.735000,0.500000,0.000000,0.000000,6.273226
0.020000,17.030563,14.447946,11.745000,0.500000,0.000000,0.000000,6.274290
0.020000,17.040563,14.447862,11.755000,0.500000,0.000000,0.000000,6.275355
0.020000,17.050562,14.447789,11.765000,0.500000,0.000000,0.000000,6.276422
0.020000,17.060562,14.447727,11.775000,0.500000,0.000000,0.000000,6.277489
0.020000,17.070562,14.447675,11.785000,0.500000,0.000000,0.000000,6.278557
0.020000,17.080562,14.447634,11.795000,0.500000,0.000000,0.000000,6.279627
0.020000,17.090450,14.447604,11.804888,0.488787,-0.560657,-28.032841,6.280685
0.020000,17.099488,14.447586,11.813926,0.415074,-3.685657,-156.250000,6.281654
0.020000,17.106540,14.447578,11.820978,0.290074,-6.250000,-128.217159,6.282410
0.020000,17.111091,14.447575,11.825529,0.165074,-6.250000,0.000000,6.282898
0.020000,17.113255,14.447575,11.827693,0.051287,-5.689343,28.032841,6.283130
0.020000,17.113768,14.447575,11.828206,0.000000,-2.564343,156.250000,6.283185
0.020000,17.113768,14.447575,11.828206,0.000000,0.000000,128.217159,6.283185
